21:39:07.268 2782 [main] INFO  StartupInfoLogger.logStarting o.r.s.s.w.RemoteStorageErrorMappingIntegrationTest - Starting RemoteStorageErrorMappingIntegrationTest using Java 21.0.11 with PID 251243 (started by chris in /home/chris/git/rapla/rapla-app)
21:39:07.279 2793 [main] INFO  SpringApplication.logStartupProfileInfo o.r.s.s.w.RemoteStorageErrorMappingIntegrationTest - No active profile set, falling back to 1 default profile: "default"
21:39:11.086 6600 [main] INFO  RaplaBootstrapLogger.logViaSlf4j rapla - Logging via SLF4J API.
21:39:11.315 6829 [main] INFO  ServerServiceImpl.<init> rapla - Rapla.Version=2.1-SNAPSHOT
21:39:11.317 6831 [main] INFO  ServerServiceImpl.<init> rapla - Rapla.Build=2026-05-09 18:38 GMT+0
21:39:11.319 6833 [main] INFO  ServerServiceImpl.<init> rapla - Java.Version=21.0.11
21:39:11.321 6835 [main] INFO  FileOperator.connect rapla - Connecting: file:/tmp/junit-4439923524902993188/rapla-data.xml
21:39:11.814 7328 [main] INFO  ConflictFinder.<init> rapla - Conflict initialization found 0 conflicts and took 2ms. 
21:39:12.455 7969 [main] INFO  NotificationService.start rapla.notification - NotificationServer Plugin started
21:39:12.456 7970 [main] INFO  NotificationService.start rapla.notification - scheduling command for NotificationSercice
21:39:12.742 8256 [main] INFO  Export2iCalConverter.<init> rapla - ExportAttendeesMailAttribute is not set. So do not export as meeting
21:39:14.186 9700 [main] INFO  MockServletContext.log o.s.b.t.m.w.SpringBootMockServletContext - Initializing Spring TestDispatcherServlet ''
21:39:14.189 9703 [main] INFO  FrameworkServlet.initServletBean o.s.t.w.s.TestDispatcherServlet - Initializing Servlet ''
21:39:14.195 9709 [main] INFO  FrameworkServlet.initServletBean o.s.t.w.s.TestDispatcherServlet - Completed initialization in 5 ms
21:39:14.468 9982 [main] INFO  StartupInfoLogger.logStarted o.r.s.s.w.RemoteStorageErrorMappingIntegrationTest - Started RemoteStorageErrorMappingIntegrationTest in 8.286 seconds (process running for 13.031)
21:39:16.731 12245 [main] INFO  RaplaAuthentificationService.authenticate rapla.login - User 'homer' is requesting login.
21:39:16.733 12247 [main] INFO  RaplaAuthentificationService.authenticate rapla.login - Check password for homer
21:39:16.734 12248 [main] WARN  LocalAbstractCachableOperator.authenticate rapla - Login failed for homer
21:39:16.873 12387 [main] INFO  RaplaAuthentificationService.authenticate rapla.login - User 'homer' is requesting login.
21:39:16.875 12389 [main] INFO  RaplaAuthentificationService.authenticate rapla.login - Check password for homer
21:39:16.876 12390 [main] INFO  RaplaAuthentificationService.authenticate rapla.login - Successfull login for 'homer'
21:39:17.141 12655 [main] INFO  RaplaAuthentificationService.authenticate rapla.login - User 'homer' is requesting login.
21:39:17.143 12657 [main] INFO  RaplaAuthentificationService.authenticate rapla.login - Check password for homer
21:39:17.144 12658 [main] INFO  RaplaAuthentificationService.authenticate rapla.login - Successfull login for 'homer'
21:39:17.349 12863 [main] INFO  StartupInfoLogger.logStarting o.r.s.s.w.AuthControllerIntegrationTest - Starting AuthControllerIntegrationTest using Java 21.0.11 with PID 251243 (started by chris in /home/chris/git/rapla/rapla-app)
21:39:17.350 12864 [main] INFO  SpringApplication.logStartupProfileInfo o.r.s.s.w.AuthControllerIntegrationTest - No active profile set, falling back to 1 default profile: "default"
21:39:18.243 13757 [main] INFO  RaplaBootstrapLogger.logViaSlf4j rapla - Logging via SLF4J API.
21:39:18.265 13779 [main] INFO  ServerServiceImpl.<init> rapla - Rapla.Version=2.1-SNAPSHOT
21:39:18.266 13780 [main] INFO  ServerServiceImpl.<init> rapla - Rapla.Build=2026-05-09 18:38 GMT+0
21:39:18.266 13780 [main] INFO  ServerServiceImpl.<init> rapla - Java.Version=21.0.11
21:39:18.267 13781 [main] INFO  FileOperator.connect rapla - Connecting: file:/tmp/junit-4022275922610725160/rapla-data.xml
21:39:18.435 13949 [main] INFO  ConflictFinder.<init> rapla - Conflict initialization found 0 conflicts and took 0ms. 
21:39:18.552 14066 [main] INFO  NotificationService.start rapla.notification - NotificationServer Plugin started
21:39:18.554 14068 [main] INFO  NotificationService.start rapla.notification - scheduling command for NotificationSercice
21:39:18.600 14114 [main] INFO  Export2iCalConverter.<init> rapla - ExportAttendeesMailAttribute is not set. So do not export as meeting
21:39:19.043 14557 [main] INFO  MockServletContext.log o.s.b.t.m.w.SpringBootMockServletContext - Initializing Spring TestDispatcherServlet ''
21:39:19.044 14558 [main] INFO  FrameworkServlet.initServletBean o.s.t.w.s.TestDispatcherServlet - Initializing Servlet ''
21:39:19.048 14562 [main] INFO  FrameworkServlet.initServletBean o.s.t.w.s.TestDispatcherServlet - Completed initialization in 3 ms
21:39:19.119 14633 [main] INFO  StartupInfoLogger.logStarted o.r.s.s.w.AuthControllerIntegrationTest - Started AuthControllerIntegrationTest in 1.893 seconds (process running for 17.682)
21:39:19.150 14664 [main] INFO  RaplaAuthentificationService.authenticate rapla.login - User 'homer' is requesting login.
21:39:19.151 14665 [main] INFO  RaplaAuthentificationService.authenticate rapla.login - Check password for homer
21:39:19.152 14666 [main] INFO  RaplaAuthentificationService.authenticate rapla.login - Successfull login for 'homer'
21:39:19.365 14879 [main] INFO  RaplaAuthentificationService.authenticate rapla.login - User 'homer' is requesting login.
21:39:19.367 14881 [main] INFO  RaplaAuthentificationService.authenticate rapla.login - Check password for homer
21:39:19.368 14882 [main] INFO  RaplaAuthentificationService.authenticate rapla.login - Successfull login for 'homer'
21:39:19.408 14922 [main] INFO  RaplaAuthentificationService.authenticate rapla.login - User 'homer' is requesting login.
21:39:19.410 14924 [main] INFO  RaplaAuthentificationService.authenticate rapla.login - Check password for homer
21:39:19.412 14926 [main] INFO  RaplaAuthentificationService.authenticate rapla.login - Successfull login for 'homer'
21:39:19.592 15106 [main] INFO  StartupInfoLogger.logStarting o.r.s.s.w.RemoteLoggerControllerTest - Starting RemoteLoggerControllerTest using Java 21.0.11 with PID 251243 (started by chris in /home/chris/git/rapla/rapla-app)
21:39:19.593 15107 [main] INFO  SpringApplication.logStartupProfileInfo o.r.s.s.w.RemoteLoggerControllerTest - No active profile set, falling back to 1 default profile: "default"
21:39:20.241 15755 [main] INFO  RaplaBootstrapLogger.logViaSlf4j rapla - Logging via SLF4J API.
21:39:20.260 15774 [main] INFO  ServerServiceImpl.<init> rapla - Rapla.Version=2.1-SNAPSHOT
21:39:20.261 15775 [main] INFO  ServerServiceImpl.<init> rapla - Rapla.Build=2026-05-09 18:38 GMT+0
21:39:20.262 15776 [main] INFO  ServerServiceImpl.<init> rapla - Java.Version=21.0.11
21:39:20.263 15777 [main] INFO  FileOperator.connect rapla - Connecting: file:/home/chris/git/rapla/rapla-app/data/data.xml
21:39:20.331 15845 [main] INFO  ConflictFinder.<init> rapla - Conflict initialization found 0 conflicts and took 1ms. 
21:39:20.406 15920 [main] INFO  NotificationService.start rapla.notification - NotificationServer Plugin started
21:39:20.407 15921 [main] INFO  NotificationService.start rapla.notification - scheduling command for NotificationSercice
21:39:20.454 15968 [main] INFO  Export2iCalConverter.<init> rapla - ExportAttendeesMailAttribute is not set. So do not export as meeting
21:39:20.996 16510 [main] INFO  MockServletContext.log o.s.b.t.m.w.SpringBootMockServletContext - Initializing Spring TestDispatcherServlet ''
21:39:20.998 16512 [main] INFO  FrameworkServlet.initServletBean o.s.t.w.s.TestDispatcherServlet - Initializing Servlet ''
21:39:21.004 16518 [main] INFO  FrameworkServlet.initServletBean o.s.t.w.s.TestDispatcherServlet - Completed initialization in 4 ms
21:39:21.105 16619 [main] INFO  StartupInfoLogger.logStarted o.r.s.s.w.RemoteLoggerControllerTest - Started RemoteLoggerControllerTest in 1.609 seconds (process running for 19.668)
21:39:21.121 16635 [main] INFO  RemoteLoggerImpl.info rapla.some-client-id - hello from client
21:39:21.223 16737 [main] INFO  StartupInfoLogger.logStarting o.r.s.s.web.UrlPreservationTest - Starting UrlPreservationTest using Java 21.0.11 with PID 251243 (started by chris in /home/chris/git/rapla/rapla-app)
21:39:21.224 16738 [main] INFO  SpringApplication.logStartupProfileInfo o.r.s.s.web.UrlPreservationTest - No active profile set, falling back to 1 default profile: "default"
21:39:21.848 17362 [main] INFO  RaplaBootstrapLogger.logViaSlf4j rapla - Logging via SLF4J API.
21:39:21.867 17381 [main] INFO  ServerServiceImpl.<init> rapla - Rapla.Version=2.1-SNAPSHOT
21:39:21.868 17382 [main] INFO  ServerServiceImpl.<init> rapla - Rapla.Build=2026-05-09 18:38 GMT+0
21:39:21.870 17384 [main] INFO  ServerServiceImpl.<init> rapla - Java.Version=21.0.11
21:39:21.870 17384 [main] INFO  FileOperator.connect rapla - Connecting: file:/tmp/junit-9501075208509231468/rapla-data.xml
21:39:21.958 17472 [main] INFO  ConflictFinder.<init> rapla - Conflict initialization found 0 conflicts and took 1ms. 
21:39:22.027 17541 [main] INFO  NotificationService.start rapla.notification - NotificationServer Plugin started
21:39:22.029 17543 [main] INFO  NotificationService.start rapla.notification - scheduling command for NotificationSercice
21:39:22.072 17586 [main] INFO  Export2iCalConverter.<init> rapla - ExportAttendeesMailAttribute is not set. So do not export as meeting
21:39:22.466 17980 [main] INFO  MockServletContext.log o.s.b.t.m.w.SpringBootMockServletContext - Initializing Spring TestDispatcherServlet ''
21:39:22.468 17982 [main] INFO  FrameworkServlet.initServletBean o.s.t.w.s.TestDispatcherServlet - Initializing Servlet ''
21:39:22.473 17987 [main] INFO  FrameworkServlet.initServletBean o.s.t.w.s.TestDispatcherServlet - Completed initialization in 4 ms
21:39:22.536 18050 [main] INFO  StartupInfoLogger.logStarted o.r.s.s.web.UrlPreservationTest - Started UrlPreservationTest in 1.377 seconds (process running for 21.099)
21:39:22.580 18094 [main] WARN  CalendarPageGenerator.write404 rapla.html.404 - 404 Calendar not found for 3f49044c-1469-4699-8a66-5f46ec6c0a41
21:39:22.615 18129 [main] WARN  Export2iCalServlet.generatePage rapla.ical.404 - The calendar 'x' you tried to retrieve is not published or available for the user homer.
21:39:22.628 18142 [main] WARN  CalendarPageGenerator.write404 rapla.html.404 - 404 Calendar not found for 3f49044c-1469-4699-8a66-5f46ec6c0a41
21:39:22.641 18155 [main] WARN  Export2iCalServlet.generatePage rapla.ical.404 - The calendar 'x' you tried to retrieve is not published or available for the user homer.
21:39:23.755 19269 [main] INFO  RaplaBootstrapLogger.logViaSlf4j rapla - Logging via SLF4J API.
21:39:24.252 19766 [main] INFO  RaplaBootstrapLogger.logViaSlf4j rapla - Logging via SLF4J API.
21:39:24.688 20202 [main] INFO  RaplaBootstrapLogger.logViaSlf4j rapla - Logging via SLF4J API.
21:40:47.211 4540 [main] INFO  StartupInfoLogger.logStarting o.r.s.s.RaplaSpringBootApplicationTest - Starting RaplaSpringBootApplicationTest using Java 21.0.11 with PID 252014 (started by chris in /home/chris/git/rapla/rapla-app)
21:40:47.222 4551 [main] INFO  SpringApplication.logStartupProfileInfo o.r.s.s.RaplaSpringBootApplicationTest - No active profile set, falling back to 1 default profile: "default"
21:40:51.016 8345 [main] INFO  RaplaBootstrapLogger.logViaSlf4j rapla - Logging via SLF4J API.
21:40:51.275 8604 [main] INFO  ServerServiceImpl.<init> rapla - Rapla.Version=2.1-SNAPSHOT
21:40:51.277 8606 [main] INFO  ServerServiceImpl.<init> rapla - Rapla.Build=2026-05-09 18:40 GMT+0
21:40:51.278 8607 [main] INFO  ServerServiceImpl.<init> rapla - Java.Version=21.0.11
21:40:51.279 8608 [main] INFO  FileOperator.connect rapla - Connecting: file:/tmp/junit-9630261391256263775/rapla-data.xml
21:40:51.838 9167 [main] INFO  ConflictFinder.<init> rapla - Conflict initialization found 0 conflicts and took 2ms. 
21:40:52.690 10019 [main] INFO  NotificationService.start rapla.notification - NotificationServer Plugin started
21:40:52.693 10022 [main] INFO  NotificationService.start rapla.notification - scheduling command for NotificationSercice
21:40:53.156 10485 [main] INFO  Export2iCalConverter.<init> rapla - ExportAttendeesMailAttribute is not set. So do not export as meeting
21:40:54.894 12223 [main] INFO  StartupInfoLogger.logStarted o.r.s.s.RaplaSpringBootApplicationTest - Started RaplaSpringBootApplicationTest in 8.424 seconds (process running for 15.039)
21:40:56.792 14121 [main] INFO  StartupInfoLogger.logStarting o.r.s.s.ServerServiceIntegrationTest - Starting ServerServiceIntegrationTest using Java 21.0.11 with PID 252014 (started by chris in /home/chris/git/rapla/rapla-app)
21:40:56.793 14122 [main] INFO  SpringApplication.logStartupProfileInfo o.r.s.s.ServerServiceIntegrationTest - No active profile set, falling back to 1 default profile: "default"
21:40:57.366 14695 [main] INFO  RaplaBootstrapLogger.logViaSlf4j rapla - Logging via SLF4J API.
21:40:57.389 14718 [main] INFO  ServerServiceImpl.<init> rapla - Rapla.Version=2.1-SNAPSHOT
21:40:57.390 14719 [main] INFO  ServerServiceImpl.<init> rapla - Rapla.Build=2026-05-09 18:40 GMT+0
21:40:57.390 14719 [main] INFO  ServerServiceImpl.<init> rapla - Java.Version=21.0.11
21:40:57.391 14720 [main] INFO  FileOperator.connect rapla - Connecting: file:/tmp/junit-10138070070564150852/rapla-data.xml
21:40:57.483 14812 [main] INFO  ConflictFinder.<init> rapla - Conflict initialization found 0 conflicts and took 1ms. 
21:40:57.589 14918 [main] INFO  NotificationService.start rapla.notification - NotificationServer Plugin started
21:40:57.590 14919 [main] INFO  NotificationService.start rapla.notification - scheduling command for NotificationSercice
21:40:57.631 14960 [main] INFO  Export2iCalConverter.<init> rapla - ExportAttendeesMailAttribute is not set. So do not export as meeting
21:40:58.135 15464 [main] INFO  StartupInfoLogger.logStarted o.r.s.s.ServerServiceIntegrationTest - Started ServerServiceIntegrationTest in 1.413 seconds (process running for 18.281)
21:40:58.266 15595 [main] INFO  StartupInfoLogger.logStarting o.r.s.s.w.RemoteStorageErrorMappingIntegrationTest - Starting RemoteStorageErrorMappingIntegrationTest using Java 21.0.11 with PID 252014 (started by chris in /home/chris/git/rapla/rapla-app)
21:40:58.266 15595 [main] INFO  SpringApplication.logStartupProfileInfo o.r.s.s.w.RemoteStorageErrorMappingIntegrationTest - No active profile set, falling back to 1 default profile: "default"
21:40:58.921 16250 [main] INFO  RaplaBootstrapLogger.logViaSlf4j rapla - Logging via SLF4J API.
21:40:58.940 16269 [main] INFO  ServerServiceImpl.<init> rapla - Rapla.Version=2.1-SNAPSHOT
21:40:58.942 16271 [main] INFO  ServerServiceImpl.<init> rapla - Rapla.Build=2026-05-09 18:40 GMT+0
21:40:58.942 16271 [main] INFO  ServerServiceImpl.<init> rapla - Java.Version=21.0.11
21:40:58.943 16272 [main] INFO  FileOperator.connect rapla - Connecting: file:/tmp/junit-400219882044313061/rapla-data.xml
21:40:59.027 16356 [main] INFO  ConflictFinder.<init> rapla - Conflict initialization found 0 conflicts and took 1ms. 
21:40:59.106 16435 [main] INFO  NotificationService.start rapla.notification - NotificationServer Plugin started
21:40:59.108 16437 [main] INFO  NotificationService.start rapla.notification - scheduling command for NotificationSercice
21:40:59.145 16474 [main] INFO  Export2iCalConverter.<init> rapla - ExportAttendeesMailAttribute is not set. So do not export as meeting
21:40:59.471 16800 [main] INFO  MockServletContext.log o.s.b.t.m.w.SpringBootMockServletContext - Initializing Spring TestDispatcherServlet ''
21:40:59.473 16802 [main] INFO  FrameworkServlet.initServletBean o.s.t.w.s.TestDispatcherServlet - Initializing Servlet ''
21:40:59.476 16805 [main] INFO  FrameworkServlet.initServletBean o.s.t.w.s.TestDispatcherServlet - Completed initialization in 3 ms
21:40:59.541 16870 [main] INFO  StartupInfoLogger.logStarted o.r.s.s.w.RemoteStorageErrorMappingIntegrationTest - Started RemoteStorageErrorMappingIntegrationTest in 1.351 seconds (process running for 19.687)
21:40:59.793 17122 [main] INFO  RaplaAuthentificationService.authenticate rapla.login - User 'homer' is requesting login.
21:40:59.794 17123 [main] INFO  RaplaAuthentificationService.authenticate rapla.login - Check password for homer
21:40:59.795 17124 [main] WARN  LocalAbstractCachableOperator.authenticate rapla - Login failed for homer
21:40:59.859 17188 [main] INFO  RaplaAuthentificationService.authenticate rapla.login - User 'homer' is requesting login.
21:40:59.860 17189 [main] INFO  RaplaAuthentificationService.authenticate rapla.login - Check password for homer
21:40:59.863 17192 [main] INFO  RaplaAuthentificationService.authenticate rapla.login - Successfull login for 'homer'
21:41:00.052 17381 [main] INFO  RaplaAuthentificationService.authenticate rapla.login - User 'homer' is requesting login.
21:41:00.053 17382 [main] INFO  RaplaAuthentificationService.authenticate rapla.login - Check password for homer
21:41:00.054 17383 [main] INFO  RaplaAuthentificationService.authenticate rapla.login - Successfull login for 'homer'
21:41:00.153 17482 [main] INFO  StartupInfoLogger.logStarting o.r.s.s.w.AuthControllerIntegrationTest - Starting AuthControllerIntegrationTest using Java 21.0.11 with PID 252014 (started by chris in /home/chris/git/rapla/rapla-app)
21:41:00.154 17483 [main] INFO  SpringApplication.logStartupProfileInfo o.r.s.s.w.AuthControllerIntegrationTest - No active profile set, falling back to 1 default profile: "default"
21:41:00.653 17982 [main] INFO  RaplaBootstrapLogger.logViaSlf4j rapla - Logging via SLF4J API.
21:41:00.671 18000 [main] INFO  ServerServiceImpl.<init> rapla - Rapla.Version=2.1-SNAPSHOT
21:41:00.672 18001 [main] INFO  ServerServiceImpl.<init> rapla - Rapla.Build=2026-05-09 18:40 GMT+0
21:41:00.672 18001 [main] INFO  ServerServiceImpl.<init> rapla - Java.Version=21.0.11
21:41:00.673 18002 [main] INFO  FileOperator.connect rapla - Connecting: file:/tmp/junit-12341813513071659774/rapla-data.xml
21:41:00.787 18116 [main] INFO  ConflictFinder.<init> rapla - Conflict initialization found 0 conflicts and took 1ms. 
21:41:00.863 18192 [main] INFO  NotificationService.start rapla.notification - NotificationServer Plugin started
21:41:00.865 18194 [main] INFO  NotificationService.start rapla.notification - scheduling command for NotificationSercice
21:41:00.906 18235 [main] INFO  Export2iCalConverter.<init> rapla - ExportAttendeesMailAttribute is not set. So do not export as meeting
21:41:01.207 18536 [main] INFO  MockServletContext.log o.s.b.t.m.w.SpringBootMockServletContext - Initializing Spring TestDispatcherServlet ''
21:41:01.209 18538 [main] INFO  FrameworkServlet.initServletBean o.s.t.w.s.TestDispatcherServlet - Initializing Servlet ''
21:41:01.213 18542 [main] INFO  FrameworkServlet.initServletBean o.s.t.w.s.TestDispatcherServlet - Completed initialization in 3 ms
21:41:01.269 18598 [main] INFO  StartupInfoLogger.logStarted o.r.s.s.w.AuthControllerIntegrationTest - Started AuthControllerIntegrationTest in 1.172 seconds (process running for 21.415)
21:41:01.294 18623 [main] INFO  RaplaAuthentificationService.authenticate rapla.login - User 'homer' is requesting login.
21:41:01.295 18624 [main] INFO  RaplaAuthentificationService.authenticate rapla.login - Check password for homer
21:41:01.296 18625 [main] INFO  RaplaAuthentificationService.authenticate rapla.login - Successfull login for 'homer'
21:41:01.478 18807 [main] INFO  RaplaAuthentificationService.authenticate rapla.login - User 'homer' is requesting login.
21:41:01.479 18808 [main] INFO  RaplaAuthentificationService.authenticate rapla.login - Check password for homer
21:41:01.479 18808 [main] INFO  RaplaAuthentificationService.authenticate rapla.login - Successfull login for 'homer'
21:41:01.510 18839 [main] INFO  RaplaAuthentificationService.authenticate rapla.login - User 'homer' is requesting login.
21:41:01.511 18840 [main] INFO  RaplaAuthentificationService.authenticate rapla.login - Check password for homer
21:41:01.512 18841 [main] INFO  RaplaAuthentificationService.authenticate rapla.login - Successfull login for 'homer'
21:41:01.641 18970 [main] INFO  StartupInfoLogger.logStarting o.r.s.s.w.RemoteLoggerControllerTest - Starting RemoteLoggerControllerTest using Java 21.0.11 with PID 252014 (started by chris in /home/chris/git/rapla/rapla-app)
21:41:01.643 18972 [main] INFO  SpringApplication.logStartupProfileInfo o.r.s.s.w.RemoteLoggerControllerTest - No active profile set, falling back to 1 default profile: "default"
21:41:02.091 19420 [main] INFO  RaplaBootstrapLogger.logViaSlf4j rapla - Logging via SLF4J API.
21:41:02.105 19434 [main] INFO  ServerServiceImpl.<init> rapla - Rapla.Version=2.1-SNAPSHOT
21:41:02.106 19435 [main] INFO  ServerServiceImpl.<init> rapla - Rapla.Build=2026-05-09 18:40 GMT+0
21:41:02.107 19436 [main] INFO  ServerServiceImpl.<init> rapla - Java.Version=21.0.11
21:41:02.108 19437 [main] INFO  FileOperator.connect rapla - Connecting: file:/home/chris/git/rapla/rapla-app/data/data.xml
21:41:02.207 19536 [main] INFO  ConflictFinder.<init> rapla - Conflict initialization found 0 conflicts and took 3ms. 
21:41:02.304 19633 [main] INFO  NotificationService.start rapla.notification - NotificationServer Plugin started
21:41:02.305 19634 [main] INFO  NotificationService.start rapla.notification - scheduling command for NotificationSercice
21:41:02.339 19668 [main] INFO  Export2iCalConverter.<init> rapla - ExportAttendeesMailAttribute is not set. So do not export as meeting
21:41:02.558 19887 [main] INFO  MockServletContext.log o.s.b.t.m.w.SpringBootMockServletContext - Initializing Spring TestDispatcherServlet ''
21:41:02.559 19888 [main] INFO  FrameworkServlet.initServletBean o.s.t.w.s.TestDispatcherServlet - Initializing Servlet ''
21:41:02.563 19892 [main] INFO  FrameworkServlet.initServletBean o.s.t.w.s.TestDispatcherServlet - Completed initialization in 2 ms
21:41:02.611 19940 [main] INFO  StartupInfoLogger.logStarted o.r.s.s.w.RemoteLoggerControllerTest - Started RemoteLoggerControllerTest in 1.038 seconds (process running for 22.757)
21:41:02.628 19957 [main] INFO  RemoteLoggerImpl.info rapla.some-client-id - hello from client
21:41:02.714 20043 [main] INFO  StartupInfoLogger.logStarting o.r.s.s.web.UrlPreservationTest - Starting UrlPreservationTest using Java 21.0.11 with PID 252014 (started by chris in /home/chris/git/rapla/rapla-app)
21:41:02.715 20044 [main] INFO  SpringApplication.logStartupProfileInfo o.r.s.s.web.UrlPreservationTest - No active profile set, falling back to 1 default profile: "default"
21:41:03.243 20572 [main] INFO  RaplaBootstrapLogger.logViaSlf4j rapla - Logging via SLF4J API.
21:41:03.255 20584 [main] INFO  ServerServiceImpl.<init> rapla - Rapla.Version=2.1-SNAPSHOT
21:41:03.256 20585 [main] INFO  ServerServiceImpl.<init> rapla - Rapla.Build=2026-05-09 18:40 GMT+0
21:41:03.257 20586 [main] INFO  ServerServiceImpl.<init> rapla - Java.Version=21.0.11
21:41:03.257 20586 [main] INFO  FileOperator.connect rapla - Connecting: file:/tmp/junit-11832234028125323357/rapla-data.xml
21:41:03.340 20669 [main] INFO  ConflictFinder.<init> rapla - Conflict initialization found 0 conflicts and took 1ms. 
21:41:03.410 20739 [main] INFO  NotificationService.start rapla.notification - NotificationServer Plugin started
21:41:03.412 20741 [main] INFO  NotificationService.start rapla.notification - scheduling command for NotificationSercice
21:41:03.437 20766 [main] INFO  Export2iCalConverter.<init> rapla - ExportAttendeesMailAttribute is not set. So do not export as meeting
21:41:03.663 20992 [main] INFO  MockServletContext.log o.s.b.t.m.w.SpringBootMockServletContext - Initializing Spring TestDispatcherServlet ''
21:41:03.664 20993 [main] INFO  FrameworkServlet.initServletBean o.s.t.w.s.TestDispatcherServlet - Initializing Servlet ''
21:41:03.667 20996 [main] INFO  FrameworkServlet.initServletBean o.s.t.w.s.TestDispatcherServlet - Completed initialization in 2 ms
21:41:03.707 21036 [main] INFO  StartupInfoLogger.logStarted o.r.s.s.web.UrlPreservationTest - Started UrlPreservationTest in 1.055 seconds (process running for 23.853)
21:41:03.730 21059 [main] WARN  CalendarPageGenerator.write404 rapla.html.404 - 404 Calendar not found for 3f49044c-1469-4699-8a66-5f46ec6c0a41
21:41:03.754 21083 [main] WARN  Export2iCalServlet.generatePage rapla.ical.404 - The calendar 'x' you tried to retrieve is not published or available for the user homer.
21:41:03.766 21095 [main] WARN  CalendarPageGenerator.write404 rapla.html.404 - 404 Calendar not found for 3f49044c-1469-4699-8a66-5f46ec6c0a41
21:41:03.778 21107 [main] WARN  Export2iCalServlet.generatePage rapla.ical.404 - The calendar 'x' you tried to retrieve is not published or available for the user homer.
21:41:04.908 22237 [main] INFO  RaplaBootstrapLogger.logViaSlf4j rapla - Logging via SLF4J API.
21:41:05.307 22636 [main] INFO  RaplaBootstrapLogger.logViaSlf4j rapla - Logging via SLF4J API.
21:41:05.672 23001 [main] INFO  StartupInfoLogger.logStarting o.r.c.s.SwingClientStartIntegrationTest - Starting SwingClientStartIntegrationTest using Java 21.0.11 with PID 252014 (started by chris in /home/chris/git/rapla/rapla-app)
21:41:05.673 23002 [main] INFO  SpringApplication.logStartupProfileInfo o.r.c.s.SwingClientStartIntegrationTest - No active profile set, falling back to 1 default profile: "default"
21:41:06.576 23905 [main] INFO  TomcatWebServer.initialize o.s.boot.tomcat.TomcatWebServer - Tomcat initialized with port 0 (http)
21:41:06.615 23944 [main] INFO  DirectJDKLog.log o.a.coyote.http11.Http11NioProtocol - Initializing ProtocolHandler ["http-nio-auto-1"]
21:41:06.621 23950 [main] INFO  DirectJDKLog.log o.a.catalina.core.StandardService - Starting service [Tomcat]
21:41:06.622 23951 [main] INFO  DirectJDKLog.log o.a.catalina.core.StandardEngine - Starting Servlet engine: [Apache Tomcat/11.0.21]
21:41:06.739 24068 [main] INFO  WebApplicationContextInitializer.prepareWebApplicationContext o.s.b.w.c.s.WebApplicationContextInitializer - Root WebApplicationContext: initialization completed in 1063 ms
21:41:06.750 24079 [main] INFO  RaplaBootstrapLogger.logViaSlf4j rapla - Logging via SLF4J API.
21:41:07.068 24397 [main] INFO  ServerServiceImpl.<init> rapla - Rapla.Version=2.1-SNAPSHOT
21:41:07.069 24398 [main] INFO  ServerServiceImpl.<init> rapla - Rapla.Build=2026-05-09 18:40 GMT+0
21:41:07.069 24398 [main] INFO  ServerServiceImpl.<init> rapla - Java.Version=21.0.11
21:41:07.070 24399 [main] INFO  FileOperator.connect rapla - Connecting: file:/tmp/junit-11390942384061323269/rapla-data.xml
21:41:07.131 24460 [main] INFO  ConflictFinder.<init> rapla - Conflict initialization found 0 conflicts and took 0ms. 
21:41:07.234 24563 [main] INFO  NotificationService.start rapla.notification - NotificationServer Plugin started
21:41:07.236 24565 [main] INFO  NotificationService.start rapla.notification - scheduling command for NotificationSercice
21:41:07.288 24617 [main] INFO  Export2iCalConverter.<init> rapla - ExportAttendeesMailAttribute is not set. So do not export as meeting
21:41:07.557 24886 [main] INFO  DirectJDKLog.log o.a.coyote.http11.Http11NioProtocol - Starting ProtocolHandler ["http-nio-auto-1"]
21:41:07.589 24918 [main] INFO  TomcatWebServer.start o.s.boot.tomcat.TomcatWebServer - Tomcat started on port 41925 (http) with context path '/rapla'
21:41:07.593 24922 [main] INFO  StartupInfoLogger.logStarted o.r.c.s.SwingClientStartIntegrationTest - Started SwingClientStartIntegrationTest in 1.994 seconds (process running for 27.739)
21:41:07.806 25135 [main] INFO  RaplaBootstrapLogger.logViaSlf4j rapla - Logging via SLF4J API.
21:41:07.872 25201 [main] INFO  RaplaClientServiceImpl.<init> rapla - Rapla.Version=2.1-SNAPSHOT
21:41:07.873 25202 [main] INFO  RaplaClientServiceImpl.<init> rapla - Rapla.Build=2026-05-09 18:40 GMT+0
21:41:07.873 25202 [main] INFO  RaplaClientServiceImpl.<init> rapla - Java.Version=21.0.11
21:41:07.959 25288 [main] INFO  RaplaClientServiceImpl.initialize rapla - Starting gui 
21:41:07.961 25290 [main] INFO  RemoteOperator.connect rapla.remote - Connecting to server and starting login..
21:41:08.155 25484 [http-nio-auto-1-exec-1] INFO  DirectJDKLog.log o.a.c.c.C.[.[localhost].[/rapla] - Initializing Spring DispatcherServlet 'dispatcherServlet'
21:41:08.156 25485 [http-nio-auto-1-exec-1] INFO  FrameworkServlet.initServletBean o.s.web.servlet.DispatcherServlet - Initializing Servlet 'dispatcherServlet'
21:41:08.158 25487 [http-nio-auto-1-exec-1] INFO  FrameworkServlet.initServletBean o.s.web.servlet.DispatcherServlet - Completed initialization in 2 ms
21:41:08.183 25512 [http-nio-auto-1-exec-1] INFO  RaplaAuthentificationService.authenticate rapla.login - User 'homer' is requesting login.
21:41:08.184 25513 [http-nio-auto-1-exec-1] INFO  RaplaAuthentificationService.authenticate rapla.login - Check password for homer
21:41:08.184 25513 [http-nio-auto-1-exec-1] INFO  RaplaAuthentificationService.authenticate rapla.login - Successfull login for 'homer'
21:41:08.203 25532 [main] INFO  RemoteOperator.connect rapla.remote - login successfull
21:41:08.204 25533 [main] DEBUG RemoteOperator.loadData rapla.remote - Loading Data from server
21:41:08.296 25625 [main] DEBUG RemoteOperator.loadData rapla.remote - Data loaded
21:41:08.298 25627 [main] DEBUG RemoteOperator.loadData rapla.remote - Data flushed
21:41:08.299 25628 [main] INFO  ClientFacadeImpl.login rapla - Login homer
21:41:08.335 25664 [main] INFO  RaplaBootstrapLogger.logViaSlf4j rapla - Logging via SLF4J API.
21:41:08.523 25852 [main] INFO  StartupInfoLogger.logStarting o.r.c.s.HeadlessClientNameResolutionIntegrationTest - Starting HeadlessClientNameResolutionIntegrationTest using Java 21.0.11 with PID 252014 (started by chris in /home/chris/git/rapla/rapla-app)
21:41:08.524 25853 [main] INFO  SpringApplication.logStartupProfileInfo o.r.c.s.HeadlessClientNameResolutionIntegrationTest - No active profile set, falling back to 1 default profile: "default"
21:41:08.817 26146 [main] INFO  TomcatWebServer.initialize o.s.boot.tomcat.TomcatWebServer - Tomcat initialized with port 0 (http)
21:41:08.844 26173 [main] INFO  DirectJDKLog.log o.a.coyote.http11.Http11NioProtocol - Initializing ProtocolHandler ["http-nio-auto-2"]
21:41:08.845 26174 [main] INFO  DirectJDKLog.log o.a.catalina.core.StandardService - Starting service [Tomcat]
21:41:08.846 26175 [main] INFO  DirectJDKLog.log o.a.catalina.core.StandardEngine - Starting Servlet engine: [Apache Tomcat/11.0.21]
21:41:08.862 26191 [main] INFO  WebApplicationContextInitializer.prepareWebApplicationContext o.s.b.w.c.s.WebApplicationContextInitializer - Root WebApplicationContext: initialization completed in 336 ms
21:41:08.870 26199 [main] INFO  RaplaBootstrapLogger.logViaSlf4j rapla - Logging via SLF4J API.
21:41:09.066 26395 [main] INFO  ServerServiceImpl.<init> rapla - Rapla.Version=2.1-SNAPSHOT
21:41:09.067 26396 [main] INFO  ServerServiceImpl.<init> rapla - Rapla.Build=2026-05-09 18:40 GMT+0
21:41:09.067 26396 [main] INFO  ServerServiceImpl.<init> rapla - Java.Version=21.0.11
21:41:09.068 26397 [main] INFO  FileOperator.connect rapla - Connecting: file:/tmp/junit-14662195192378359421/rapla-data.xml
21:41:09.124 26453 [main] INFO  ConflictFinder.<init> rapla - Conflict initialization found 0 conflicts and took 0ms. 
21:41:09.171 26500 [main] INFO  NotificationService.start rapla.notification - NotificationServer Plugin started
21:41:09.173 26502 [main] INFO  NotificationService.start rapla.notification - scheduling command for NotificationSercice
21:41:09.196 26525 [main] INFO  Export2iCalConverter.<init> rapla - ExportAttendeesMailAttribute is not set. So do not export as meeting
21:41:09.400 26729 [main] INFO  DirectJDKLog.log o.a.coyote.http11.Http11NioProtocol - Starting ProtocolHandler ["http-nio-auto-2"]
21:41:09.412 26741 [main] INFO  TomcatWebServer.start o.s.boot.tomcat.TomcatWebServer - Tomcat started on port 36643 (http) with context path '/rapla'
21:41:09.417 26746 [main] INFO  StartupInfoLogger.logStarted o.r.c.s.HeadlessClientNameResolutionIntegrationTest - Started HeadlessClientNameResolutionIntegrationTest in 0.954 seconds (process running for 29.562)
21:41:09.654 26983 [main] INFO  RaplaBootstrapLogger.logViaSlf4j rapla - Logging via SLF4J API.
21:41:09.723 27052 [main] INFO  RaplaClientServiceImpl.<init> rapla - Rapla.Version=2.1-SNAPSHOT
21:41:09.724 27053 [main] INFO  RaplaClientServiceImpl.<init> rapla - Rapla.Build=2026-05-09 18:40 GMT+0
21:41:09.724 27053 [main] INFO  RaplaClientServiceImpl.<init> rapla - Java.Version=21.0.11
21:41:09.725 27054 [main] INFO  RaplaClientServiceImpl.initialize rapla - Starting gui 
21:41:09.726 27055 [main] INFO  RemoteOperator.connect rapla.remote - Connecting to server and starting login..
21:41:09.731 27060 [http-nio-auto-2-exec-1] INFO  DirectJDKLog.log o.a.c.c.C.[.[localhost].[/rapla] - Initializing Spring DispatcherServlet 'dispatcherServlet'
21:41:09.731 27060 [http-nio-auto-2-exec-1] INFO  FrameworkServlet.initServletBean o.s.web.servlet.DispatcherServlet - Initializing Servlet 'dispatcherServlet'
21:41:09.733 27062 [http-nio-auto-2-exec-1] INFO  FrameworkServlet.initServletBean o.s.web.servlet.DispatcherServlet - Completed initialization in 1 ms
21:41:09.741 27070 [http-nio-auto-2-exec-1] INFO  RaplaAuthentificationService.authenticate rapla.login - User 'homer' is requesting login.
21:41:09.742 27071 [http-nio-auto-2-exec-1] INFO  RaplaAuthentificationService.authenticate rapla.login - Check password for homer
21:41:09.742 27071 [http-nio-auto-2-exec-1] INFO  RaplaAuthentificationService.authenticate rapla.login - Successfull login for 'homer'
21:41:09.749 27078 [main] INFO  RemoteOperator.connect rapla.remote - login successfull
21:41:09.750 27079 [main] DEBUG RemoteOperator.loadData rapla.remote - Loading Data from server
21:41:09.855 27184 [main] DEBUG RemoteOperator.loadData rapla.remote - Data loaded
21:41:09.857 27186 [main] DEBUG RemoteOperator.loadData rapla.remote - Data flushed
21:41:09.858 27187 [main] INFO  ClientFacadeImpl.login rapla - Login homer
21:41:09.917 27246 [raplascheduler-55] DEBUG RemoteOperator.lambda$queryAppointments$14 rapla.remote - event server call took  46 ms
21:41:09.918 27247 [raplascheduler-55] DEBUG RemoteOperator.lambda$queryAppointments$14 rapla.remote - event post processing took  1 ms
21:41:10.208 27537 [SpringApplicationShutdownHook] INFO  GracefulShutdown.shutDownGracefully o.s.boot.tomcat.GracefulShutdown - Commencing graceful shutdown. Waiting for active requests to complete
21:41:10.216 27545 [tomcat-shutdown] INFO  GracefulShutdown.doShutdown o.s.boot.tomcat.GracefulShutdown - Graceful shutdown complete
21:41:10.363 27692 [SpringApplicationShutdownHook] INFO  GracefulShutdown.shutDownGracefully o.s.boot.tomcat.GracefulShutdown - Commencing graceful shutdown. Waiting for active requests to complete
21:41:10.368 27697 [tomcat-shutdown] INFO  GracefulShutdown.doShutdown o.s.boot.tomcat.GracefulShutdown - Graceful shutdown complete
22:16:35.029 2480 [main] INFO  StartupInfoLogger.logStarting o.r.s.s.RaplaSpringBootApplicationTest - Starting RaplaSpringBootApplicationTest using Java 21.0.11 with PID 257635 (started by chris in /home/chris/git/rapla/rapla-app)
22:16:35.042 2493 [main] INFO  SpringApplication.logStartupProfileInfo o.r.s.s.RaplaSpringBootApplicationTest - No active profile set, falling back to 1 default profile: "default"
22:16:38.871 6322 [main] INFO  RaplaBootstrapLogger.logViaSlf4j rapla - Logging via SLF4J API.
22:16:39.106 6557 [main] INFO  ServerServiceImpl.<init> rapla - Rapla.Version=2.1-SNAPSHOT
22:16:39.108 6559 [main] INFO  ServerServiceImpl.<init> rapla - Rapla.Build=2026-05-09 19:15 GMT+0
22:16:39.109 6560 [main] INFO  ServerServiceImpl.<init> rapla - Java.Version=21.0.11
22:16:39.111 6562 [main] INFO  FileOperator.connect rapla - Connecting: file:/tmp/junit-13293059716227887909/rapla-data.xml
22:16:39.572 7023 [main] INFO  ConflictFinder.<init> rapla - Conflict initialization found 0 conflicts and took 3ms. 
22:16:40.162 7613 [main] INFO  NotificationService.start rapla.notification - NotificationServer Plugin started
22:16:40.165 7616 [main] INFO  NotificationService.start rapla.notification - scheduling command for NotificationSercice
22:16:40.452 7903 [main] INFO  Export2iCalConverter.<init> rapla - ExportAttendeesMailAttribute is not set. So do not export as meeting
22:16:46.546 13997 [main] INFO  StartupInfoLogger.logStarted o.r.s.s.RaplaSpringBootApplicationTest - Started RaplaSpringBootApplicationTest in 12.416 seconds (process running for 18.226)
22:16:48.418 15869 [main] INFO  StartupInfoLogger.logStarting o.r.s.s.ServerServiceIntegrationTest - Starting ServerServiceIntegrationTest using Java 21.0.11 with PID 257635 (started by chris in /home/chris/git/rapla/rapla-app)
22:16:48.419 15870 [main] INFO  SpringApplication.logStartupProfileInfo o.r.s.s.ServerServiceIntegrationTest - No active profile set, falling back to 1 default profile: "default"
22:16:49.072 16523 [main] INFO  RaplaBootstrapLogger.logViaSlf4j rapla - Logging via SLF4J API.
22:16:49.113 16564 [main] INFO  ServerServiceImpl.<init> rapla - Rapla.Version=2.1-SNAPSHOT
22:16:49.115 16566 [main] INFO  ServerServiceImpl.<init> rapla - Rapla.Build=2026-05-09 19:15 GMT+0
22:16:49.117 16568 [main] INFO  ServerServiceImpl.<init> rapla - Java.Version=21.0.11
22:16:49.118 16569 [main] INFO  FileOperator.connect rapla - Connecting: file:/tmp/junit-17275697242709295180/rapla-data.xml
22:16:49.264 16715 [main] INFO  ConflictFinder.<init> rapla - Conflict initialization found 0 conflicts and took 0ms. 
22:16:49.412 16863 [main] INFO  NotificationService.start rapla.notification - NotificationServer Plugin started
22:16:49.414 16865 [main] INFO  NotificationService.start rapla.notification - scheduling command for NotificationSercice
22:16:49.472 16923 [main] INFO  Export2iCalConverter.<init> rapla - ExportAttendeesMailAttribute is not set. So do not export as meeting
22:16:50.154 17605 [main] INFO  StartupInfoLogger.logStarted o.r.s.s.ServerServiceIntegrationTest - Started ServerServiceIntegrationTest in 1.845 seconds (process running for 21.834)
22:16:50.309 17760 [main] INFO  StartupInfoLogger.logStarting o.r.s.s.w.RemoteStorageErrorMappingIntegrationTest - Starting RemoteStorageErrorMappingIntegrationTest using Java 21.0.11 with PID 257635 (started by chris in /home/chris/git/rapla/rapla-app)
22:16:50.310 17761 [main] INFO  SpringApplication.logStartupProfileInfo o.r.s.s.w.RemoteStorageErrorMappingIntegrationTest - No active profile set, falling back to 1 default profile: "default"
22:16:50.894 18345 [main] INFO  RaplaBootstrapLogger.logViaSlf4j rapla - Logging via SLF4J API.
22:16:50.911 18362 [main] INFO  ServerServiceImpl.<init> rapla - Rapla.Version=2.1-SNAPSHOT
22:16:50.912 18363 [main] INFO  ServerServiceImpl.<init> rapla - Rapla.Build=2026-05-09 19:15 GMT+0
22:16:50.913 18364 [main] INFO  ServerServiceImpl.<init> rapla - Java.Version=21.0.11
22:16:50.914 18365 [main] INFO  FileOperator.connect rapla - Connecting: file:/tmp/junit-3841380272864475352/rapla-data.xml
22:16:50.993 18444 [main] INFO  ConflictFinder.<init> rapla - Conflict initialization found 0 conflicts and took 1ms. 
22:16:51.071 18522 [main] INFO  NotificationService.start rapla.notification - NotificationServer Plugin started
22:16:51.072 18523 [main] INFO  NotificationService.start rapla.notification - scheduling command for NotificationSercice
22:16:51.108 18559 [main] INFO  Export2iCalConverter.<init> rapla - ExportAttendeesMailAttribute is not set. So do not export as meeting
22:16:51.402 18853 [main] INFO  MockServletContext.log o.s.b.t.m.w.SpringBootMockServletContext - Initializing Spring TestDispatcherServlet ''
22:16:51.404 18855 [main] INFO  FrameworkServlet.initServletBean o.s.t.w.s.TestDispatcherServlet - Initializing Servlet ''
22:16:51.409 18860 [main] INFO  FrameworkServlet.initServletBean o.s.t.w.s.TestDispatcherServlet - Completed initialization in 3 ms
22:16:51.481 18932 [main] INFO  StartupInfoLogger.logStarted o.r.s.s.w.RemoteStorageErrorMappingIntegrationTest - Started RemoteStorageErrorMappingIntegrationTest in 1.251 seconds (process running for 23.161)
22:16:51.727 19178 [main] INFO  RaplaAuthentificationService.authenticate rapla.login - User 'homer' is requesting login.
22:16:51.728 19179 [main] INFO  RaplaAuthentificationService.authenticate rapla.login - Check password for homer
22:16:51.729 19180 [main] WARN  LocalAbstractCachableOperator.authenticate rapla - Login failed for homer
22:16:51.785 19236 [main] INFO  RaplaAuthentificationService.authenticate rapla.login - User 'homer' is requesting login.
22:16:51.786 19237 [main] INFO  RaplaAuthentificationService.authenticate rapla.login - Check password for homer
22:16:51.786 19237 [main] INFO  RaplaAuthentificationService.authenticate rapla.login - Successfull login for 'homer'
22:16:51.949 19400 [main] INFO  RaplaAuthentificationService.authenticate rapla.login - User 'homer' is requesting login.
22:16:51.950 19401 [main] INFO  RaplaAuthentificationService.authenticate rapla.login - Check password for homer
22:16:51.952 19403 [main] INFO  RaplaAuthentificationService.authenticate rapla.login - Successfull login for 'homer'
22:16:52.084 19535 [main] INFO  StartupInfoLogger.logStarting o.r.s.s.w.AuthControllerIntegrationTest - Starting AuthControllerIntegrationTest using Java 21.0.11 with PID 257635 (started by chris in /home/chris/git/rapla/rapla-app)
22:16:52.085 19536 [main] INFO  SpringApplication.logStartupProfileInfo o.r.s.s.w.AuthControllerIntegrationTest - No active profile set, falling back to 1 default profile: "default"
22:16:52.632 20083 [main] INFO  RaplaBootstrapLogger.logViaSlf4j rapla - Logging via SLF4J API.
22:16:52.646 20097 [main] INFO  ServerServiceImpl.<init> rapla - Rapla.Version=2.1-SNAPSHOT
22:16:52.647 20098 [main] INFO  ServerServiceImpl.<init> rapla - Rapla.Build=2026-05-09 19:15 GMT+0
22:16:52.648 20099 [main] INFO  ServerServiceImpl.<init> rapla - Java.Version=21.0.11
22:16:52.649 20100 [main] INFO  FileOperator.connect rapla - Connecting: file:/tmp/junit-15377472462524004190/rapla-data.xml
22:16:52.736 20187 [main] INFO  ConflictFinder.<init> rapla - Conflict initialization found 0 conflicts and took 1ms. 
22:16:52.808 20259 [main] INFO  NotificationService.start rapla.notification - NotificationServer Plugin started
22:16:52.809 20260 [main] INFO  NotificationService.start rapla.notification - scheduling command for NotificationSercice
22:16:52.836 20287 [main] INFO  Export2iCalConverter.<init> rapla - ExportAttendeesMailAttribute is not set. So do not export as meeting
22:16:53.081 20532 [main] INFO  MockServletContext.log o.s.b.t.m.w.SpringBootMockServletContext - Initializing Spring TestDispatcherServlet ''
22:16:53.082 20533 [main] INFO  FrameworkServlet.initServletBean o.s.t.w.s.TestDispatcherServlet - Initializing Servlet ''
22:16:53.085 20536 [main] INFO  FrameworkServlet.initServletBean o.s.t.w.s.TestDispatcherServlet - Completed initialization in 2 ms
22:16:53.142 20593 [main] INFO  StartupInfoLogger.logStarted o.r.s.s.w.AuthControllerIntegrationTest - Started AuthControllerIntegrationTest in 1.141 seconds (process running for 24.822)
22:16:53.165 20616 [main] INFO  RaplaAuthentificationService.authenticate rapla.login - User 'homer' is requesting login.
22:16:53.166 20617 [main] INFO  RaplaAuthentificationService.authenticate rapla.login - Check password for homer
22:16:53.167 20618 [main] INFO  RaplaAuthentificationService.authenticate rapla.login - Successfull login for 'homer'
22:16:53.329 20780 [main] INFO  RaplaAuthentificationService.authenticate rapla.login - User 'homer' is requesting login.
22:16:53.330 20781 [main] INFO  RaplaAuthentificationService.authenticate rapla.login - Check password for homer
22:16:53.332 20783 [main] INFO  RaplaAuthentificationService.authenticate rapla.login - Successfull login for 'homer'
22:16:53.366 20817 [main] INFO  RaplaAuthentificationService.authenticate rapla.login - User 'homer' is requesting login.
22:16:53.367 20818 [main] INFO  RaplaAuthentificationService.authenticate rapla.login - Check password for homer
22:16:53.368 20819 [main] INFO  RaplaAuthentificationService.authenticate rapla.login - Successfull login for 'homer'
22:16:53.512 20963 [main] INFO  StartupInfoLogger.logStarting o.r.s.s.w.RemoteLoggerControllerTest - Starting RemoteLoggerControllerTest using Java 21.0.11 with PID 257635 (started by chris in /home/chris/git/rapla/rapla-app)
22:16:53.513 20964 [main] INFO  SpringApplication.logStartupProfileInfo o.r.s.s.w.RemoteLoggerControllerTest - No active profile set, falling back to 1 default profile: "default"
22:16:53.932 21383 [main] INFO  RaplaBootstrapLogger.logViaSlf4j rapla - Logging via SLF4J API.
22:16:53.943 21394 [main] INFO  ServerServiceImpl.<init> rapla - Rapla.Version=2.1-SNAPSHOT
22:16:53.944 21395 [main] INFO  ServerServiceImpl.<init> rapla - Rapla.Build=2026-05-09 19:15 GMT+0
22:16:53.945 21396 [main] INFO  ServerServiceImpl.<init> rapla - Java.Version=21.0.11
22:16:53.945 21396 [main] INFO  FileOperator.connect rapla - Connecting: file:/home/chris/git/rapla/rapla-app/data/data.xml
22:16:53.995 21446 [main] INFO  ConflictFinder.<init> rapla - Conflict initialization found 0 conflicts and took 2ms. 
22:16:54.069 21520 [main] INFO  NotificationService.start rapla.notification - NotificationServer Plugin started
22:16:54.070 21521 [main] INFO  NotificationService.start rapla.notification - scheduling command for NotificationSercice
22:16:54.093 21544 [main] INFO  Export2iCalConverter.<init> rapla - ExportAttendeesMailAttribute is not set. So do not export as meeting
22:16:54.406 21857 [main] INFO  MockServletContext.log o.s.b.t.m.w.SpringBootMockServletContext - Initializing Spring TestDispatcherServlet ''
22:16:54.407 21858 [main] INFO  FrameworkServlet.initServletBean o.s.t.w.s.TestDispatcherServlet - Initializing Servlet ''
22:16:54.411 21862 [main] INFO  FrameworkServlet.initServletBean o.s.t.w.s.TestDispatcherServlet - Completed initialization in 3 ms
22:16:54.463 21914 [main] INFO  StartupInfoLogger.logStarted o.r.s.s.w.RemoteLoggerControllerTest - Started RemoteLoggerControllerTest in 1.037 seconds (process running for 26.143)
22:16:54.477 21928 [main] INFO  RemoteLoggerImpl.info rapla.some-client-id - hello from client
22:16:54.604 22055 [main] INFO  StartupInfoLogger.logStarting o.r.s.s.web.UrlPreservationTest - Starting UrlPreservationTest using Java 21.0.11 with PID 257635 (started by chris in /home/chris/git/rapla/rapla-app)
22:16:54.607 22058 [main] INFO  SpringApplication.logStartupProfileInfo o.r.s.s.web.UrlPreservationTest - No active profile set, falling back to 1 default profile: "default"
22:16:55.107 22558 [main] INFO  RaplaBootstrapLogger.logViaSlf4j rapla - Logging via SLF4J API.
22:16:55.121 22572 [main] INFO  ServerServiceImpl.<init> rapla - Rapla.Version=2.1-SNAPSHOT
22:16:55.123 22574 [main] INFO  ServerServiceImpl.<init> rapla - Rapla.Build=2026-05-09 19:15 GMT+0
22:16:55.124 22575 [main] INFO  ServerServiceImpl.<init> rapla - Java.Version=21.0.11
22:16:55.125 22576 [main] INFO  FileOperator.connect rapla - Connecting: file:/tmp/junit-4639647940749511817/rapla-data.xml
22:16:55.208 22659 [main] INFO  ConflictFinder.<init> rapla - Conflict initialization found 0 conflicts and took 0ms. 
22:16:55.286 22737 [main] INFO  NotificationService.start rapla.notification - NotificationServer Plugin started
22:16:55.287 22738 [main] INFO  NotificationService.start rapla.notification - scheduling command for NotificationSercice
22:16:55.324 22775 [main] INFO  Export2iCalConverter.<init> rapla - ExportAttendeesMailAttribute is not set. So do not export as meeting
22:16:55.545 22996 [main] INFO  MockServletContext.log o.s.b.t.m.w.SpringBootMockServletContext - Initializing Spring TestDispatcherServlet ''
22:16:55.546 22997 [main] INFO  FrameworkServlet.initServletBean o.s.t.w.s.TestDispatcherServlet - Initializing Servlet ''
22:16:55.548 22999 [main] INFO  FrameworkServlet.initServletBean o.s.t.w.s.TestDispatcherServlet - Completed initialization in 1 ms
22:16:55.591 23042 [main] INFO  StartupInfoLogger.logStarted o.r.s.s.web.UrlPreservationTest - Started UrlPreservationTest in 1.065 seconds (process running for 27.271)
22:16:55.615 23066 [main] WARN  CalendarPageGenerator.write404 rapla.html.404 - 404 Calendar not found for 3f49044c-1469-4699-8a66-5f46ec6c0a41
22:16:55.638 23089 [main] WARN  Export2iCalServlet.generatePage rapla.ical.404 - The calendar 'x' you tried to retrieve is not published or available for the user homer.
22:16:55.648 23099 [main] WARN  CalendarPageGenerator.write404 rapla.html.404 - 404 Calendar not found for 3f49044c-1469-4699-8a66-5f46ec6c0a41
22:16:55.660 23111 [main] WARN  Export2iCalServlet.generatePage rapla.ical.404 - The calendar 'x' you tried to retrieve is not published or available for the user homer.
22:16:58.697 26148 [main] INFO  RaplaBootstrapLogger.logViaSlf4j rapla - Logging via SLF4J API.
22:16:59.872 27323 [main] INFO  RaplaBootstrapLogger.logViaSlf4j rapla - Logging via SLF4J API.
22:17:00.483 27934 [main] INFO  StartupInfoLogger.logStarting o.r.c.s.SwingClientStartIntegrationTest - Starting SwingClientStartIntegrationTest using Java 21.0.11 with PID 257635 (started by chris in /home/chris/git/rapla/rapla-app)
22:17:00.484 27935 [main] INFO  SpringApplication.logStartupProfileInfo o.r.c.s.SwingClientStartIntegrationTest - No active profile set, falling back to 1 default profile: "default"
22:17:01.445 28896 [main] INFO  TomcatWebServer.initialize o.s.boot.tomcat.TomcatWebServer - Tomcat initialized with port 0 (http)
22:17:01.495 28946 [main] INFO  DirectJDKLog.log o.a.coyote.http11.Http11NioProtocol - Initializing ProtocolHandler ["http-nio-auto-1"]
22:17:01.503 28954 [main] INFO  DirectJDKLog.log o.a.catalina.core.StandardService - Starting service [Tomcat]
22:17:01.506 28957 [main] INFO  DirectJDKLog.log o.a.catalina.core.StandardEngine - Starting Servlet engine: [Apache Tomcat/11.0.21]
22:17:01.655 29106 [main] INFO  WebApplicationContextInitializer.prepareWebApplicationContext o.s.b.w.c.s.WebApplicationContextInitializer - Root WebApplicationContext: initialization completed in 1162 ms
22:17:01.671 29122 [main] INFO  RaplaBootstrapLogger.logViaSlf4j rapla - Logging via SLF4J API.
22:17:02.388 29839 [main] INFO  ServerServiceImpl.<init> rapla - Rapla.Version=2.1-SNAPSHOT
22:17:02.391 29842 [main] INFO  ServerServiceImpl.<init> rapla - Rapla.Build=2026-05-09 19:15 GMT+0
22:17:02.393 29844 [main] INFO  ServerServiceImpl.<init> rapla - Java.Version=21.0.11
22:17:02.406 29857 [main] INFO  FileOperator.connect rapla - Connecting: file:/tmp/junit-13433706869154519071/rapla-data.xml
22:17:02.739 30190 [main] INFO  ConflictFinder.<init> rapla - Conflict initialization found 0 conflicts and took 0ms. 
22:17:03.260 30711 [main] INFO  NotificationService.start rapla.notification - NotificationServer Plugin started
22:17:03.262 30713 [main] INFO  NotificationService.start rapla.notification - scheduling command for NotificationSercice
22:17:03.403 30854 [main] INFO  Export2iCalConverter.<init> rapla - ExportAttendeesMailAttribute is not set. So do not export as meeting
22:17:04.658 32109 [main] INFO  DirectJDKLog.log o.a.coyote.http11.Http11NioProtocol - Starting ProtocolHandler ["http-nio-auto-1"]
22:17:04.737 32188 [main] INFO  TomcatWebServer.start o.s.boot.tomcat.TomcatWebServer - Tomcat started on port 39505 (http) with context path '/rapla'
22:17:04.750 32201 [main] INFO  StartupInfoLogger.logStarted o.r.c.s.SwingClientStartIntegrationTest - Started SwingClientStartIntegrationTest in 4.408 seconds (process running for 36.43)
22:17:05.483 32934 [main] INFO  RaplaBootstrapLogger.logViaSlf4j rapla - Logging via SLF4J API.
22:17:05.594 33045 [main] INFO  RaplaClientServiceImpl.<init> rapla - Rapla.Version=2.1-SNAPSHOT
22:17:05.595 33046 [main] INFO  RaplaClientServiceImpl.<init> rapla - Rapla.Build=2026-05-09 19:15 GMT+0
22:17:05.596 33047 [main] INFO  RaplaClientServiceImpl.<init> rapla - Java.Version=21.0.11
22:17:05.763 33214 [main] INFO  RaplaClientServiceImpl.initialize rapla - Starting gui 
22:17:05.764 33215 [main] INFO  RemoteOperator.connect rapla.remote - Connecting to server and starting login..
22:17:06.085 33536 [http-nio-auto-1-exec-1] INFO  DirectJDKLog.log o.a.c.c.C.[.[localhost].[/rapla] - Initializing Spring DispatcherServlet 'dispatcherServlet'
22:17:06.086 33537 [http-nio-auto-1-exec-1] INFO  FrameworkServlet.initServletBean o.s.web.servlet.DispatcherServlet - Initializing Servlet 'dispatcherServlet'
22:17:06.088 33539 [http-nio-auto-1-exec-1] INFO  FrameworkServlet.initServletBean o.s.web.servlet.DispatcherServlet - Completed initialization in 2 ms
22:17:06.111 33562 [http-nio-auto-1-exec-1] INFO  RaplaAuthentificationService.authenticate rapla.login - User 'homer' is requesting login.
22:17:06.112 33563 [http-nio-auto-1-exec-1] INFO  RaplaAuthentificationService.authenticate rapla.login - Check password for homer
22:17:06.113 33564 [http-nio-auto-1-exec-1] INFO  RaplaAuthentificationService.authenticate rapla.login - Successfull login for 'homer'
22:17:06.149 33600 [main] INFO  RemoteOperator.connect rapla.remote - login successfull
22:17:06.150 33601 [main] DEBUG RemoteOperator.loadData rapla.remote - Loading Data from server
22:17:06.345 33796 [main] DEBUG RemoteOperator.loadData rapla.remote - Data loaded
22:17:06.349 33800 [main] DEBUG RemoteOperator.loadData rapla.remote - Data flushed
22:17:06.352 33803 [main] INFO  ClientFacadeImpl.login rapla - Login homer
22:17:06.384 33835 [main] INFO  RaplaBootstrapLogger.logViaSlf4j rapla - Logging via SLF4J API.
22:17:06.606 34057 [main] INFO  StartupInfoLogger.logStarting o.r.c.s.HeadlessClientNameResolutionIntegrationTest - Starting HeadlessClientNameResolutionIntegrationTest using Java 21.0.11 with PID 257635 (started by chris in /home/chris/git/rapla/rapla-app)
22:17:06.607 34058 [main] INFO  SpringApplication.logStartupProfileInfo o.r.c.s.HeadlessClientNameResolutionIntegrationTest - No active profile set, falling back to 1 default profile: "default"
22:17:07.105 34556 [main] INFO  TomcatWebServer.initialize o.s.boot.tomcat.TomcatWebServer - Tomcat initialized with port 0 (http)
22:17:07.113 34564 [main] INFO  DirectJDKLog.log o.a.coyote.http11.Http11NioProtocol - Initializing ProtocolHandler ["http-nio-auto-2"]
22:17:07.116 34567 [main] INFO  DirectJDKLog.log o.a.catalina.core.StandardService - Starting service [Tomcat]
22:17:07.118 34569 [main] INFO  DirectJDKLog.log o.a.catalina.core.StandardEngine - Starting Servlet engine: [Apache Tomcat/11.0.21]
22:17:07.182 34633 [main] INFO  WebApplicationContextInitializer.prepareWebApplicationContext o.s.b.w.c.s.WebApplicationContextInitializer - Root WebApplicationContext: initialization completed in 571 ms
22:17:07.199 34650 [main] INFO  RaplaBootstrapLogger.logViaSlf4j rapla - Logging via SLF4J API.
22:17:07.442 34893 [main] INFO  ServerServiceImpl.<init> rapla - Rapla.Version=2.1-SNAPSHOT
22:17:07.444 34895 [main] INFO  ServerServiceImpl.<init> rapla - Rapla.Build=2026-05-09 19:15 GMT+0
22:17:07.445 34896 [main] INFO  ServerServiceImpl.<init> rapla - Java.Version=21.0.11
22:17:07.445 34896 [main] INFO  FileOperator.connect rapla - Connecting: file:/tmp/junit-15075415028555473578/rapla-data.xml
22:17:07.547 34998 [main] INFO  ConflictFinder.<init> rapla - Conflict initialization found 0 conflicts and took 1ms. 
22:17:07.683 35134 [main] INFO  NotificationService.start rapla.notification - NotificationServer Plugin started
22:17:07.686 35137 [main] INFO  NotificationService.start rapla.notification - scheduling command for NotificationSercice
22:17:07.743 35194 [main] INFO  Export2iCalConverter.<init> rapla - ExportAttendeesMailAttribute is not set. So do not export as meeting
22:17:08.225 35676 [main] INFO  DirectJDKLog.log o.a.coyote.http11.Http11NioProtocol - Starting ProtocolHandler ["http-nio-auto-2"]
22:17:08.257 35708 [main] INFO  TomcatWebServer.start o.s.boot.tomcat.TomcatWebServer - Tomcat started on port 34189 (http) with context path '/rapla'
22:17:08.263 35714 [main] INFO  StartupInfoLogger.logStarted o.r.c.s.HeadlessClientNameResolutionIntegrationTest - Started HeadlessClientNameResolutionIntegrationTest in 1.723 seconds (process running for 39.943)
22:17:08.568 36019 [main] INFO  RaplaBootstrapLogger.logViaSlf4j rapla - Logging via SLF4J API.
22:17:08.636 36087 [main] INFO  RaplaClientServiceImpl.<init> rapla - Rapla.Version=2.1-SNAPSHOT
22:17:08.637 36088 [main] INFO  RaplaClientServiceImpl.<init> rapla - Rapla.Build=2026-05-09 19:15 GMT+0
22:17:08.638 36089 [main] INFO  RaplaClientServiceImpl.<init> rapla - Java.Version=21.0.11
22:17:08.639 36090 [main] INFO  RaplaClientServiceImpl.initialize rapla - Starting gui 
22:17:08.641 36092 [main] INFO  RemoteOperator.connect rapla.remote - Connecting to server and starting login..
22:17:08.648 36099 [http-nio-auto-2-exec-1] INFO  DirectJDKLog.log o.a.c.c.C.[.[localhost].[/rapla] - Initializing Spring DispatcherServlet 'dispatcherServlet'
22:17:08.649 36100 [http-nio-auto-2-exec-1] INFO  FrameworkServlet.initServletBean o.s.web.servlet.DispatcherServlet - Initializing Servlet 'dispatcherServlet'
22:17:08.651 36102 [http-nio-auto-2-exec-1] INFO  FrameworkServlet.initServletBean o.s.web.servlet.DispatcherServlet - Completed initialization in 2 ms
22:17:08.657 36108 [http-nio-auto-2-exec-1] INFO  RaplaAuthentificationService.authenticate rapla.login - User 'homer' is requesting login.
22:17:08.658 36109 [http-nio-auto-2-exec-1] INFO  RaplaAuthentificationService.authenticate rapla.login - Check password for homer
22:17:08.658 36109 [http-nio-auto-2-exec-1] INFO  RaplaAuthentificationService.authenticate rapla.login - Successfull login for 'homer'
22:17:08.671 36122 [main] INFO  RemoteOperator.connect rapla.remote - login successfull
22:17:08.672 36123 [main] DEBUG RemoteOperator.loadData rapla.remote - Loading Data from server
22:17:08.842 36293 [main] DEBUG RemoteOperator.loadData rapla.remote - Data loaded
22:17:08.845 36296 [main] DEBUG RemoteOperator.loadData rapla.remote - Data flushed
22:17:08.847 36298 [main] INFO  ClientFacadeImpl.login rapla - Login homer
22:17:08.990 36441 [raplascheduler-54] DEBUG RemoteOperator.lambda$queryAppointments$14 rapla.remote - event server call took  114 ms
22:17:08.994 36445 [raplascheduler-54] DEBUG RemoteOperator.lambda$queryAppointments$14 rapla.remote - event post processing took  0 ms
22:17:10.314 37765 [SpringApplicationShutdownHook] INFO  GracefulShutdown.shutDownGracefully o.s.boot.tomcat.GracefulShutdown - Commencing graceful shutdown. Waiting for active requests to complete
22:17:10.332 37783 [tomcat-shutdown] INFO  GracefulShutdown.doShutdown o.s.boot.tomcat.GracefulShutdown - Graceful shutdown complete
22:17:10.705 38156 [SpringApplicationShutdownHook] INFO  GracefulShutdown.shutDownGracefully o.s.boot.tomcat.GracefulShutdown - Commencing graceful shutdown. Waiting for active requests to complete
22:17:10.710 38161 [tomcat-shutdown] INFO  GracefulShutdown.doShutdown o.s.boot.tomcat.GracefulShutdown - Graceful shutdown complete
22:19:53.605 3741 [main] INFO  StartupInfoLogger.logStarting o.r.s.s.RaplaSpringBootApplicationTest - Starting RaplaSpringBootApplicationTest using Java 21.0.11 with PID 259111 (started by chris in /home/chris/git/rapla/rapla-app)
22:19:53.617 3753 [main] INFO  SpringApplication.logStartupProfileInfo o.r.s.s.RaplaSpringBootApplicationTest - No active profile set, falling back to 1 default profile: "default"
22:20:01.913 12049 [main] INFO  RaplaBootstrapLogger.logViaSlf4j rapla - Logging via SLF4J API.
22:20:02.252 12388 [main] INFO  ServerServiceImpl.<init> rapla - Rapla.Version=2.1-SNAPSHOT
22:20:02.255 12391 [main] INFO  ServerServiceImpl.<init> rapla - Rapla.Build=2026-05-09 19:18 GMT+0
22:20:02.258 12394 [main] INFO  ServerServiceImpl.<init> rapla - Java.Version=21.0.11
22:20:02.260 12396 [main] INFO  FileOperator.connect rapla - Connecting: file:/tmp/junit-12193869324951440371/rapla-data.xml
22:20:03.115 13251 [main] INFO  ConflictFinder.<init> rapla - Conflict initialization found 0 conflicts and took 3ms. 
22:20:03.951 14087 [main] INFO  NotificationService.start rapla.notification - NotificationServer Plugin started
22:20:03.953 14089 [main] INFO  NotificationService.start rapla.notification - scheduling command for NotificationSercice
22:20:04.307 14443 [main] INFO  Export2iCalConverter.<init> rapla - ExportAttendeesMailAttribute is not set. So do not export as meeting
22:20:06.540 16676 [main] INFO  StartupInfoLogger.logStarted o.r.s.s.RaplaSpringBootApplicationTest - Started RaplaSpringBootApplicationTest in 14.287 seconds (process running for 20.526)
22:20:08.442 18578 [main] INFO  StartupInfoLogger.logStarting o.r.s.s.ServerServiceIntegrationTest - Starting ServerServiceIntegrationTest using Java 21.0.11 with PID 259111 (started by chris in /home/chris/git/rapla/rapla-app)
22:20:08.443 18579 [main] INFO  SpringApplication.logStartupProfileInfo o.r.s.s.ServerServiceIntegrationTest - No active profile set, falling back to 1 default profile: "default"
22:20:09.151 19287 [main] INFO  RaplaBootstrapLogger.logViaSlf4j rapla - Logging via SLF4J API.
22:20:09.184 19320 [main] INFO  ServerServiceImpl.<init> rapla - Rapla.Version=2.1-SNAPSHOT
22:20:09.185 19321 [main] INFO  ServerServiceImpl.<init> rapla - Rapla.Build=2026-05-09 19:18 GMT+0
22:20:09.186 19322 [main] INFO  ServerServiceImpl.<init> rapla - Java.Version=21.0.11
22:20:09.187 19323 [main] INFO  FileOperator.connect rapla - Connecting: file:/tmp/junit-18276749987145273546/rapla-data.xml
22:20:09.316 19452 [main] INFO  ConflictFinder.<init> rapla - Conflict initialization found 0 conflicts and took 0ms. 
22:20:09.488 19624 [main] INFO  NotificationService.start rapla.notification - NotificationServer Plugin started
22:20:09.490 19626 [main] INFO  NotificationService.start rapla.notification - scheduling command for NotificationSercice
22:20:09.550 19686 [main] INFO  Export2iCalConverter.<init> rapla - ExportAttendeesMailAttribute is not set. So do not export as meeting
22:20:10.339 20475 [main] INFO  StartupInfoLogger.logStarted o.r.s.s.ServerServiceIntegrationTest - Started ServerServiceIntegrationTest in 1.984 seconds (process running for 24.325)
22:20:10.548 20684 [main] INFO  StartupInfoLogger.logStarting o.r.s.s.w.RemoteStorageErrorMappingIntegrationTest - Starting RemoteStorageErrorMappingIntegrationTest using Java 21.0.11 with PID 259111 (started by chris in /home/chris/git/rapla/rapla-app)
22:20:10.549 20685 [main] INFO  SpringApplication.logStartupProfileInfo o.r.s.s.w.RemoteStorageErrorMappingIntegrationTest - No active profile set, falling back to 1 default profile: "default"
22:20:11.473 21609 [main] INFO  RaplaBootstrapLogger.logViaSlf4j rapla - Logging via SLF4J API.
22:20:11.492 21628 [main] INFO  ServerServiceImpl.<init> rapla - Rapla.Version=2.1-SNAPSHOT
22:20:11.493 21629 [main] INFO  ServerServiceImpl.<init> rapla - Rapla.Build=2026-05-09 19:18 GMT+0
22:20:11.493 21629 [main] INFO  ServerServiceImpl.<init> rapla - Java.Version=21.0.11
22:20:11.494 21630 [main] INFO  FileOperator.connect rapla - Connecting: file:/tmp/junit-11757811055271975477/rapla-data.xml
22:20:11.613 21749 [main] INFO  ConflictFinder.<init> rapla - Conflict initialization found 0 conflicts and took 1ms. 
22:20:11.709 21845 [main] INFO  NotificationService.start rapla.notification - NotificationServer Plugin started
22:20:11.711 21847 [main] INFO  NotificationService.start rapla.notification - scheduling command for NotificationSercice
22:20:11.769 21905 [main] INFO  Export2iCalConverter.<init> rapla - ExportAttendeesMailAttribute is not set. So do not export as meeting
22:20:12.105 22241 [main] INFO  MockServletContext.log o.s.b.t.m.w.SpringBootMockServletContext - Initializing Spring TestDispatcherServlet ''
22:20:12.106 22242 [main] INFO  FrameworkServlet.initServletBean o.s.t.w.s.TestDispatcherServlet - Initializing Servlet ''
22:20:12.110 22246 [main] INFO  FrameworkServlet.initServletBean o.s.t.w.s.TestDispatcherServlet - Completed initialization in 3 ms
22:20:12.194 22330 [main] INFO  StartupInfoLogger.logStarted o.r.s.s.w.RemoteStorageErrorMappingIntegrationTest - Started RemoteStorageErrorMappingIntegrationTest in 1.769 seconds (process running for 26.18)
22:20:12.474 22610 [main] INFO  RaplaAuthentificationService.authenticate rapla.login - User 'homer' is requesting login.
22:20:12.475 22611 [main] INFO  RaplaAuthentificationService.authenticate rapla.login - Check password for homer
22:20:12.476 22612 [main] WARN  LocalAbstractCachableOperator.authenticate rapla - Login failed for homer
22:20:12.527 22663 [main] INFO  RaplaAuthentificationService.authenticate rapla.login - User 'homer' is requesting login.
22:20:12.528 22664 [main] INFO  RaplaAuthentificationService.authenticate rapla.login - Check password for homer
22:20:12.529 22665 [main] INFO  RaplaAuthentificationService.authenticate rapla.login - Successfull login for 'homer'
22:20:12.745 22881 [main] INFO  RaplaAuthentificationService.authenticate rapla.login - User 'homer' is requesting login.
22:20:12.746 22882 [main] INFO  RaplaAuthentificationService.authenticate rapla.login - Check password for homer
22:20:12.747 22883 [main] INFO  RaplaAuthentificationService.authenticate rapla.login - Successfull login for 'homer'
22:20:12.848 22984 [main] INFO  StartupInfoLogger.logStarting o.r.s.s.w.AuthControllerIntegrationTest - Starting AuthControllerIntegrationTest using Java 21.0.11 with PID 259111 (started by chris in /home/chris/git/rapla/rapla-app)
22:20:12.849 22985 [main] INFO  SpringApplication.logStartupProfileInfo o.r.s.s.w.AuthControllerIntegrationTest - No active profile set, falling back to 1 default profile: "default"
22:20:13.373 23509 [main] INFO  RaplaBootstrapLogger.logViaSlf4j rapla - Logging via SLF4J API.
22:20:13.397 23533 [main] INFO  ServerServiceImpl.<init> rapla - Rapla.Version=2.1-SNAPSHOT
22:20:13.398 23534 [main] INFO  ServerServiceImpl.<init> rapla - Rapla.Build=2026-05-09 19:18 GMT+0
22:20:13.399 23535 [main] INFO  ServerServiceImpl.<init> rapla - Java.Version=21.0.11
22:20:13.400 23536 [main] INFO  FileOperator.connect rapla - Connecting: file:/tmp/junit-7263820107489804187/rapla-data.xml
22:20:13.489 23625 [main] INFO  ConflictFinder.<init> rapla - Conflict initialization found 0 conflicts and took 1ms. 
22:20:13.566 23702 [main] INFO  NotificationService.start rapla.notification - NotificationServer Plugin started
22:20:13.567 23703 [main] INFO  NotificationService.start rapla.notification - scheduling command for NotificationSercice
22:20:13.598 23734 [main] INFO  Export2iCalConverter.<init> rapla - ExportAttendeesMailAttribute is not set. So do not export as meeting
22:20:13.863 23999 [main] INFO  MockServletContext.log o.s.b.t.m.w.SpringBootMockServletContext - Initializing Spring TestDispatcherServlet ''
22:20:13.864 24000 [main] INFO  FrameworkServlet.initServletBean o.s.t.w.s.TestDispatcherServlet - Initializing Servlet ''
22:20:13.868 24004 [main] INFO  FrameworkServlet.initServletBean o.s.t.w.s.TestDispatcherServlet - Completed initialization in 3 ms
22:20:13.921 24057 [main] INFO  StartupInfoLogger.logStarted o.r.s.s.w.AuthControllerIntegrationTest - Started AuthControllerIntegrationTest in 1.128 seconds (process running for 27.907)
22:20:13.941 24077 [main] INFO  RaplaAuthentificationService.authenticate rapla.login - User 'homer' is requesting login.
22:20:13.943 24079 [main] INFO  RaplaAuthentificationService.authenticate rapla.login - Check password for homer
22:20:13.944 24080 [main] INFO  RaplaAuthentificationService.authenticate rapla.login - Successfull login for 'homer'
22:20:14.086 24222 [main] INFO  RaplaAuthentificationService.authenticate rapla.login - User 'homer' is requesting login.
22:20:14.087 24223 [main] INFO  RaplaAuthentificationService.authenticate rapla.login - Check password for homer
22:20:14.088 24224 [main] INFO  RaplaAuthentificationService.authenticate rapla.login - Successfull login for 'homer'
22:20:14.114 24250 [main] INFO  RaplaAuthentificationService.authenticate rapla.login - User 'homer' is requesting login.
22:20:14.115 24251 [main] INFO  RaplaAuthentificationService.authenticate rapla.login - Check password for homer
22:20:14.117 24253 [main] INFO  RaplaAuthentificationService.authenticate rapla.login - Successfull login for 'homer'
22:20:14.227 24363 [main] INFO  StartupInfoLogger.logStarting o.r.s.s.w.RemoteLoggerControllerTest - Starting RemoteLoggerControllerTest using Java 21.0.11 with PID 259111 (started by chris in /home/chris/git/rapla/rapla-app)
22:20:14.228 24364 [main] INFO  SpringApplication.logStartupProfileInfo o.r.s.s.w.RemoteLoggerControllerTest - No active profile set, falling back to 1 default profile: "default"
22:20:14.653 24789 [main] INFO  RaplaBootstrapLogger.logViaSlf4j rapla - Logging via SLF4J API.
22:20:14.665 24801 [main] INFO  ServerServiceImpl.<init> rapla - Rapla.Version=2.1-SNAPSHOT
22:20:14.666 24802 [main] INFO  ServerServiceImpl.<init> rapla - Rapla.Build=2026-05-09 19:18 GMT+0
22:20:14.667 24803 [main] INFO  ServerServiceImpl.<init> rapla - Java.Version=21.0.11
22:20:14.668 24804 [main] INFO  FileOperator.connect rapla - Connecting: file:/home/chris/git/rapla/rapla-app/data/data.xml
22:20:14.722 24858 [main] INFO  ConflictFinder.<init> rapla - Conflict initialization found 0 conflicts and took 2ms. 
22:20:14.768 24904 [main] INFO  NotificationService.start rapla.notification - NotificationServer Plugin started
22:20:14.769 24905 [main] INFO  NotificationService.start rapla.notification - scheduling command for NotificationSercice
22:20:14.794 24930 [main] INFO  Export2iCalConverter.<init> rapla - ExportAttendeesMailAttribute is not set. So do not export as meeting
22:20:15.017 25153 [main] INFO  MockServletContext.log o.s.b.t.m.w.SpringBootMockServletContext - Initializing Spring TestDispatcherServlet ''
22:20:15.018 25154 [main] INFO  FrameworkServlet.initServletBean o.s.t.w.s.TestDispatcherServlet - Initializing Servlet ''
22:20:15.021 25157 [main] INFO  FrameworkServlet.initServletBean o.s.t.w.s.TestDispatcherServlet - Completed initialization in 2 ms
22:20:15.084 25220 [main] INFO  StartupInfoLogger.logStarted o.r.s.s.w.RemoteLoggerControllerTest - Started RemoteLoggerControllerTest in 0.917 seconds (process running for 29.07)
22:20:15.106 25242 [main] INFO  RemoteLoggerImpl.info rapla.some-client-id - hello from client
22:20:15.212 25348 [main] INFO  StartupInfoLogger.logStarting o.r.s.s.web.UrlPreservationTest - Starting UrlPreservationTest using Java 21.0.11 with PID 259111 (started by chris in /home/chris/git/rapla/rapla-app)
22:20:15.213 25349 [main] INFO  SpringApplication.logStartupProfileInfo o.r.s.s.web.UrlPreservationTest - No active profile set, falling back to 1 default profile: "default"
22:20:15.657 25793 [main] INFO  RaplaBootstrapLogger.logViaSlf4j rapla - Logging via SLF4J API.
22:20:15.675 25811 [main] INFO  ServerServiceImpl.<init> rapla - Rapla.Version=2.1-SNAPSHOT
22:20:15.676 25812 [main] INFO  ServerServiceImpl.<init> rapla - Rapla.Build=2026-05-09 19:18 GMT+0
22:20:15.676 25812 [main] INFO  ServerServiceImpl.<init> rapla - Java.Version=21.0.11
22:20:15.677 25813 [main] INFO  FileOperator.connect rapla - Connecting: file:/tmp/junit-13301939728666718605/rapla-data.xml
22:20:15.780 25916 [main] INFO  ConflictFinder.<init> rapla - Conflict initialization found 0 conflicts and took 0ms. 
22:20:15.864 26000 [main] INFO  NotificationService.start rapla.notification - NotificationServer Plugin started
22:20:15.865 26001 [main] INFO  NotificationService.start rapla.notification - scheduling command for NotificationSercice
22:20:15.898 26034 [main] INFO  Export2iCalConverter.<init> rapla - ExportAttendeesMailAttribute is not set. So do not export as meeting
22:20:16.155 26291 [main] INFO  MockServletContext.log o.s.b.t.m.w.SpringBootMockServletContext - Initializing Spring TestDispatcherServlet ''
22:20:16.156 26292 [main] INFO  FrameworkServlet.initServletBean o.s.t.w.s.TestDispatcherServlet - Initializing Servlet ''
22:20:16.159 26295 [main] INFO  FrameworkServlet.initServletBean o.s.t.w.s.TestDispatcherServlet - Completed initialization in 2 ms
22:20:16.206 26342 [main] INFO  StartupInfoLogger.logStarted o.r.s.s.web.UrlPreservationTest - Started UrlPreservationTest in 1.041 seconds (process running for 30.192)
22:20:16.231 26367 [main] WARN  CalendarPageGenerator.write404 rapla.html.404 - 404 Calendar not found for 3f49044c-1469-4699-8a66-5f46ec6c0a41
22:20:16.265 26401 [main] WARN  Export2iCalServlet.generatePage rapla.ical.404 - The calendar 'x' you tried to retrieve is not published or available for the user homer.
22:20:16.276 26412 [main] WARN  CalendarPageGenerator.write404 rapla.html.404 - 404 Calendar not found for 3f49044c-1469-4699-8a66-5f46ec6c0a41
22:20:16.288 26424 [main] WARN  Export2iCalServlet.generatePage rapla.ical.404 - The calendar 'x' you tried to retrieve is not published or available for the user homer.
22:20:17.431 27567 [main] INFO  RaplaBootstrapLogger.logViaSlf4j rapla - Logging via SLF4J API.
22:20:17.811 27947 [main] INFO  RaplaBootstrapLogger.logViaSlf4j rapla - Logging via SLF4J API.
22:20:18.176 28312 [main] INFO  StartupInfoLogger.logStarting o.r.c.s.SwingClientStartIntegrationTest - Starting SwingClientStartIntegrationTest using Java 21.0.11 with PID 259111 (started by chris in /home/chris/git/rapla/rapla-app)
22:20:18.177 28313 [main] INFO  SpringApplication.logStartupProfileInfo o.r.c.s.SwingClientStartIntegrationTest - No active profile set, falling back to 1 default profile: "default"
22:20:18.722 28858 [main] INFO  TomcatWebServer.initialize o.s.boot.tomcat.TomcatWebServer - Tomcat initialized with port 0 (http)
22:20:18.750 28886 [main] INFO  DirectJDKLog.log o.a.coyote.http11.Http11NioProtocol - Initializing ProtocolHandler ["http-nio-auto-1"]
22:20:18.753 28889 [main] INFO  DirectJDKLog.log o.a.catalina.core.StandardService - Starting service [Tomcat]
22:20:18.754 28890 [main] INFO  DirectJDKLog.log o.a.catalina.core.StandardEngine - Starting Servlet engine: [Apache Tomcat/11.0.21]
22:20:18.880 29016 [main] INFO  WebApplicationContextInitializer.prepareWebApplicationContext o.s.b.w.c.s.WebApplicationContextInitializer - Root WebApplicationContext: initialization completed in 700 ms
22:20:18.894 29030 [main] INFO  RaplaBootstrapLogger.logViaSlf4j rapla - Logging via SLF4J API.
22:20:19.146 29282 [main] INFO  ServerServiceImpl.<init> rapla - Rapla.Version=2.1-SNAPSHOT
22:20:19.148 29284 [main] INFO  ServerServiceImpl.<init> rapla - Rapla.Build=2026-05-09 19:18 GMT+0
22:20:19.148 29284 [main] INFO  ServerServiceImpl.<init> rapla - Java.Version=21.0.11
22:20:19.149 29285 [main] INFO  FileOperator.connect rapla - Connecting: file:/tmp/junit-3372781587822606810/rapla-data.xml
22:20:19.199 29335 [main] INFO  ConflictFinder.<init> rapla - Conflict initialization found 0 conflicts and took 1ms. 
22:20:19.240 29376 [main] INFO  NotificationService.start rapla.notification - NotificationServer Plugin started
22:20:19.241 29377 [main] INFO  NotificationService.start rapla.notification - scheduling command for NotificationSercice
22:20:19.271 29407 [main] INFO  Export2iCalConverter.<init> rapla - ExportAttendeesMailAttribute is not set. So do not export as meeting
22:20:19.517 29653 [main] INFO  DirectJDKLog.log o.a.coyote.http11.Http11NioProtocol - Starting ProtocolHandler ["http-nio-auto-1"]
22:20:19.584 29720 [main] INFO  TomcatWebServer.start o.s.boot.tomcat.TomcatWebServer - Tomcat started on port 33601 (http) with context path '/rapla'
22:20:19.594 29730 [main] INFO  StartupInfoLogger.logStarted o.r.c.s.SwingClientStartIntegrationTest - Started SwingClientStartIntegrationTest in 1.476 seconds (process running for 33.58)
22:20:19.816 29952 [main] INFO  RaplaBootstrapLogger.logViaSlf4j rapla - Logging via SLF4J API.
22:20:19.899 30035 [main] INFO  RaplaClientServiceImpl.<init> rapla - Rapla.Version=2.1-SNAPSHOT
22:20:19.901 30037 [main] INFO  RaplaClientServiceImpl.<init> rapla - Rapla.Build=2026-05-09 19:18 GMT+0
22:20:19.903 30039 [main] INFO  RaplaClientServiceImpl.<init> rapla - Java.Version=21.0.11
22:20:20.022 30158 [main] INFO  RaplaClientServiceImpl.initialize rapla - Starting gui 
22:20:20.023 30159 [main] INFO  RemoteOperator.connect rapla.remote - Connecting to server and starting login..
22:20:20.315 30451 [http-nio-auto-1-exec-1] INFO  DirectJDKLog.log o.a.c.c.C.[.[localhost].[/rapla] - Initializing Spring DispatcherServlet 'dispatcherServlet'
22:20:20.315 30451 [http-nio-auto-1-exec-1] INFO  FrameworkServlet.initServletBean o.s.web.servlet.DispatcherServlet - Initializing Servlet 'dispatcherServlet'
22:20:20.317 30453 [http-nio-auto-1-exec-1] INFO  FrameworkServlet.initServletBean o.s.web.servlet.DispatcherServlet - Completed initialization in 1 ms
22:20:20.335 30471 [http-nio-auto-1-exec-1] INFO  RaplaAuthentificationService.authenticate rapla.login - User 'homer' is requesting login.
22:20:20.336 30472 [http-nio-auto-1-exec-1] INFO  RaplaAuthentificationService.authenticate rapla.login - Check password for homer
22:20:20.337 30473 [http-nio-auto-1-exec-1] INFO  RaplaAuthentificationService.authenticate rapla.login - Successfull login for 'homer'
22:20:20.361 30497 [main] INFO  RemoteOperator.connect rapla.remote - login successfull
22:20:20.361 30497 [main] DEBUG RemoteOperator.loadData rapla.remote - Loading Data from server
22:20:20.487 30623 [main] DEBUG RemoteOperator.loadData rapla.remote - Data loaded
22:20:20.490 30626 [main] DEBUG RemoteOperator.loadData rapla.remote - Data flushed
22:20:20.492 30628 [main] INFO  ClientFacadeImpl.login rapla - Login homer
22:20:20.515 30651 [main] INFO  RaplaBootstrapLogger.logViaSlf4j rapla - Logging via SLF4J API.
22:20:20.695 30831 [main] INFO  StartupInfoLogger.logStarting o.r.c.s.HeadlessClientNameResolutionIntegrationTest - Starting HeadlessClientNameResolutionIntegrationTest using Java 21.0.11 with PID 259111 (started by chris in /home/chris/git/rapla/rapla-app)
22:20:20.696 30832 [main] INFO  SpringApplication.logStartupProfileInfo o.r.c.s.HeadlessClientNameResolutionIntegrationTest - No active profile set, falling back to 1 default profile: "default"
22:20:20.926 31062 [main] INFO  TomcatWebServer.initialize o.s.boot.tomcat.TomcatWebServer - Tomcat initialized with port 0 (http)
22:20:20.930 31066 [main] INFO  DirectJDKLog.log o.a.coyote.http11.Http11NioProtocol - Initializing ProtocolHandler ["http-nio-auto-2"]
22:20:20.931 31067 [main] INFO  DirectJDKLog.log o.a.catalina.core.StandardService - Starting service [Tomcat]
22:20:20.932 31068 [main] INFO  DirectJDKLog.log o.a.catalina.core.StandardEngine - Starting Servlet engine: [Apache Tomcat/11.0.21]
22:20:20.949 31085 [main] INFO  WebApplicationContextInitializer.prepareWebApplicationContext o.s.b.w.c.s.WebApplicationContextInitializer - Root WebApplicationContext: initialization completed in 251 ms
22:20:20.958 31094 [main] INFO  RaplaBootstrapLogger.logViaSlf4j rapla - Logging via SLF4J API.
22:20:21.123 31259 [main] INFO  ServerServiceImpl.<init> rapla - Rapla.Version=2.1-SNAPSHOT
22:20:21.124 31260 [main] INFO  ServerServiceImpl.<init> rapla - Rapla.Build=2026-05-09 19:18 GMT+0
22:20:21.125 31261 [main] INFO  ServerServiceImpl.<init> rapla - Java.Version=21.0.11
22:20:21.125 31261 [main] INFO  FileOperator.connect rapla - Connecting: file:/tmp/junit-14264179081241062019/rapla-data.xml
22:20:21.188 31324 [main] INFO  ConflictFinder.<init> rapla - Conflict initialization found 0 conflicts and took 0ms. 
22:20:21.241 31377 [main] INFO  NotificationService.start rapla.notification - NotificationServer Plugin started
22:20:21.242 31378 [main] INFO  NotificationService.start rapla.notification - scheduling command for NotificationSercice
22:20:21.271 31407 [main] INFO  Export2iCalConverter.<init> rapla - ExportAttendeesMailAttribute is not set. So do not export as meeting
22:20:21.500 31636 [main] INFO  DirectJDKLog.log o.a.coyote.http11.Http11NioProtocol - Starting ProtocolHandler ["http-nio-auto-2"]
22:20:21.523 31659 [main] INFO  TomcatWebServer.start o.s.boot.tomcat.TomcatWebServer - Tomcat started on port 46033 (http) with context path '/rapla'
22:20:21.527 31663 [main] INFO  StartupInfoLogger.logStarted o.r.c.s.HeadlessClientNameResolutionIntegrationTest - Started HeadlessClientNameResolutionIntegrationTest in 0.886 seconds (process running for 35.513)
22:20:21.743 31879 [main] INFO  RaplaBootstrapLogger.logViaSlf4j rapla - Logging via SLF4J API.
22:20:21.798 31934 [main] INFO  RaplaClientServiceImpl.<init> rapla - Rapla.Version=2.1-SNAPSHOT
22:20:21.799 31935 [main] INFO  RaplaClientServiceImpl.<init> rapla - Rapla.Build=2026-05-09 19:18 GMT+0
22:20:21.800 31936 [main] INFO  RaplaClientServiceImpl.<init> rapla - Java.Version=21.0.11
22:20:21.800 31936 [main] INFO  RaplaClientServiceImpl.initialize rapla - Starting gui 
22:20:21.801 31937 [main] INFO  RemoteOperator.connect rapla.remote - Connecting to server and starting login..
22:20:21.806 31942 [http-nio-auto-2-exec-1] INFO  DirectJDKLog.log o.a.c.c.C.[.[localhost].[/rapla] - Initializing Spring DispatcherServlet 'dispatcherServlet'
22:20:21.807 31943 [http-nio-auto-2-exec-1] INFO  FrameworkServlet.initServletBean o.s.web.servlet.DispatcherServlet - Initializing Servlet 'dispatcherServlet'
22:20:21.808 31944 [http-nio-auto-2-exec-1] INFO  FrameworkServlet.initServletBean o.s.web.servlet.DispatcherServlet - Completed initialization in 1 ms
22:20:21.812 31948 [http-nio-auto-2-exec-1] INFO  RaplaAuthentificationService.authenticate rapla.login - User 'homer' is requesting login.
22:20:21.813 31949 [http-nio-auto-2-exec-1] INFO  RaplaAuthentificationService.authenticate rapla.login - Check password for homer
22:20:21.813 31949 [http-nio-auto-2-exec-1] INFO  RaplaAuthentificationService.authenticate rapla.login - Successfull login for 'homer'
22:20:21.819 31955 [main] INFO  RemoteOperator.connect rapla.remote - login successfull
22:20:21.820 31956 [main] DEBUG RemoteOperator.loadData rapla.remote - Loading Data from server
22:20:21.905 32041 [main] DEBUG RemoteOperator.loadData rapla.remote - Data loaded
22:20:21.907 32043 [main] DEBUG RemoteOperator.loadData rapla.remote - Data flushed
22:20:21.908 32044 [main] INFO  ClientFacadeImpl.login rapla - Login homer
22:20:21.962 32098 [raplascheduler-54] DEBUG RemoteOperator.lambda$queryAppointments$14 rapla.remote - event server call took  37 ms
22:20:21.963 32099 [raplascheduler-54] DEBUG RemoteOperator.lambda$queryAppointments$14 rapla.remote - event post processing took  0 ms
22:20:22.250 32386 [SpringApplicationShutdownHook] INFO  GracefulShutdown.shutDownGracefully o.s.boot.tomcat.GracefulShutdown - Commencing graceful shutdown. Waiting for active requests to complete
22:20:22.257 32393 [tomcat-shutdown] INFO  GracefulShutdown.doShutdown o.s.boot.tomcat.GracefulShutdown - Graceful shutdown complete
22:20:22.319 32455 [SpringApplicationShutdownHook] INFO  GracefulShutdown.shutDownGracefully o.s.boot.tomcat.GracefulShutdown - Commencing graceful shutdown. Waiting for active requests to complete
22:20:22.322 32458 [tomcat-shutdown] INFO  GracefulShutdown.doShutdown o.s.boot.tomcat.GracefulShutdown - Graceful shutdown complete
22:22:02.039 6527 [main] INFO  StartupInfoLogger.logStarting o.r.s.s.RaplaSpringBootApplicationTest - Starting RaplaSpringBootApplicationTest using Java 21.0.11 with PID 259689 (started by chris in /home/chris/git/rapla/rapla-app)
22:22:02.054 6542 [main] INFO  SpringApplication.logStartupProfileInfo o.r.s.s.RaplaSpringBootApplicationTest - No active profile set, falling back to 1 default profile: "default"
22:22:05.578 10066 [main] INFO  RaplaBootstrapLogger.logViaSlf4j rapla - Logging via SLF4J API.
22:22:05.783 10271 [main] INFO  ServerServiceImpl.<init> rapla - Rapla.Version=2.1-SNAPSHOT
22:22:05.785 10273 [main] INFO  ServerServiceImpl.<init> rapla - Rapla.Build=2026-05-09 19:21 GMT+0
22:22:05.787 10275 [main] INFO  ServerServiceImpl.<init> rapla - Java.Version=21.0.11
22:22:05.789 10277 [main] INFO  FileOperator.connect rapla - Connecting: file:/tmp/junit-779097441172159775/rapla-data.xml
22:22:06.225 10713 [main] INFO  ConflictFinder.<init> rapla - Conflict initialization found 0 conflicts and took 2ms. 
22:22:06.846 11334 [main] INFO  NotificationService.start rapla.notification - NotificationServer Plugin started
22:22:06.848 11336 [main] INFO  NotificationService.start rapla.notification - scheduling command for NotificationSercice
22:22:07.145 11633 [main] INFO  Export2iCalConverter.<init> rapla - ExportAttendeesMailAttribute is not set. So do not export as meeting
22:22:08.740 13228 [main] INFO  StartupInfoLogger.logStarted o.r.s.s.RaplaSpringBootApplicationTest - Started RaplaSpringBootApplicationTest in 7.511 seconds (process running for 16.038)
22:22:10.412 14900 [main] INFO  StartupInfoLogger.logStarting o.r.s.s.ServerServiceIntegrationTest - Starting ServerServiceIntegrationTest using Java 21.0.11 with PID 259689 (started by chris in /home/chris/git/rapla/rapla-app)
22:22:10.413 14901 [main] INFO  SpringApplication.logStartupProfileInfo o.r.s.s.ServerServiceIntegrationTest - No active profile set, falling back to 1 default profile: "default"
22:22:10.989 15477 [main] INFO  RaplaBootstrapLogger.logViaSlf4j rapla - Logging via SLF4J API.
22:22:11.008 15496 [main] INFO  ServerServiceImpl.<init> rapla - Rapla.Version=2.1-SNAPSHOT
22:22:11.009 15497 [main] INFO  ServerServiceImpl.<init> rapla - Rapla.Build=2026-05-09 19:21 GMT+0
22:22:11.010 15498 [main] INFO  ServerServiceImpl.<init> rapla - Java.Version=21.0.11
22:22:11.011 15499 [main] INFO  FileOperator.connect rapla - Connecting: file:/tmp/junit-2963077569883413632/rapla-data.xml
22:22:11.120 15608 [main] INFO  ConflictFinder.<init> rapla - Conflict initialization found 0 conflicts and took 0ms. 
22:22:11.206 15694 [main] INFO  NotificationService.start rapla.notification - NotificationServer Plugin started
22:22:11.207 15695 [main] INFO  NotificationService.start rapla.notification - scheduling command for NotificationSercice
22:22:11.264 15752 [main] INFO  Export2iCalConverter.<init> rapla - ExportAttendeesMailAttribute is not set. So do not export as meeting
22:22:11.672 16160 [main] INFO  StartupInfoLogger.logStarted o.r.s.s.ServerServiceIntegrationTest - Started ServerServiceIntegrationTest in 1.361 seconds (process running for 18.97)
22:22:11.820 16308 [main] INFO  StartupInfoLogger.logStarting o.r.s.s.w.RemoteStorageErrorMappingIntegrationTest - Starting RemoteStorageErrorMappingIntegrationTest using Java 21.0.11 with PID 259689 (started by chris in /home/chris/git/rapla/rapla-app)
22:22:11.821 16309 [main] INFO  SpringApplication.logStartupProfileInfo o.r.s.s.w.RemoteStorageErrorMappingIntegrationTest - No active profile set, falling back to 1 default profile: "default"
22:22:12.452 16940 [main] INFO  RaplaBootstrapLogger.logViaSlf4j rapla - Logging via SLF4J API.
22:22:12.468 16956 [main] INFO  ServerServiceImpl.<init> rapla - Rapla.Version=2.1-SNAPSHOT
22:22:12.469 16957 [main] INFO  ServerServiceImpl.<init> rapla - Rapla.Build=2026-05-09 19:21 GMT+0
22:22:12.469 16957 [main] INFO  ServerServiceImpl.<init> rapla - Java.Version=21.0.11
22:22:12.470 16958 [main] INFO  FileOperator.connect rapla - Connecting: file:/tmp/junit-5417965413097584991/rapla-data.xml
22:22:12.557 17045 [main] INFO  ConflictFinder.<init> rapla - Conflict initialization found 0 conflicts and took 1ms. 
22:22:12.625 17113 [main] INFO  NotificationService.start rapla.notification - NotificationServer Plugin started
22:22:12.626 17114 [main] INFO  NotificationService.start rapla.notification - scheduling command for NotificationSercice
22:22:12.665 17153 [main] INFO  Export2iCalConverter.<init> rapla - ExportAttendeesMailAttribute is not set. So do not export as meeting
22:22:13.061 17549 [main] INFO  MockServletContext.log o.s.b.t.m.w.SpringBootMockServletContext - Initializing Spring TestDispatcherServlet ''
22:22:13.063 17551 [main] INFO  FrameworkServlet.initServletBean o.s.t.w.s.TestDispatcherServlet - Initializing Servlet ''
22:22:13.068 17556 [main] INFO  FrameworkServlet.initServletBean o.s.t.w.s.TestDispatcherServlet - Completed initialization in 4 ms
22:22:13.149 17637 [main] INFO  StartupInfoLogger.logStarted o.r.s.s.w.RemoteStorageErrorMappingIntegrationTest - Started RemoteStorageErrorMappingIntegrationTest in 1.409 seconds (process running for 20.447)
22:22:13.361 17849 [main] INFO  RaplaAuthentificationService.authenticate rapla.login - User 'homer' is requesting login.
22:22:13.362 17850 [main] INFO  RaplaAuthentificationService.authenticate rapla.login - Check password for homer
22:22:13.363 17851 [main] WARN  LocalAbstractCachableOperator.authenticate rapla - Login failed for homer
22:22:13.414 17902 [main] INFO  RaplaAuthentificationService.authenticate rapla.login - User 'homer' is requesting login.
22:22:13.415 17903 [main] INFO  RaplaAuthentificationService.authenticate rapla.login - Check password for homer
22:22:13.416 17904 [main] INFO  RaplaAuthentificationService.authenticate rapla.login - Successfull login for 'homer'
22:22:13.602 18090 [main] INFO  RaplaAuthentificationService.authenticate rapla.login - User 'homer' is requesting login.
22:22:13.603 18091 [main] INFO  RaplaAuthentificationService.authenticate rapla.login - Check password for homer
22:22:13.604 18092 [main] INFO  RaplaAuthentificationService.authenticate rapla.login - Successfull login for 'homer'
22:22:13.715 18203 [main] INFO  StartupInfoLogger.logStarting o.r.s.s.w.AuthControllerIntegrationTest - Starting AuthControllerIntegrationTest using Java 21.0.11 with PID 259689 (started by chris in /home/chris/git/rapla/rapla-app)
22:22:13.716 18204 [main] INFO  SpringApplication.logStartupProfileInfo o.r.s.s.w.AuthControllerIntegrationTest - No active profile set, falling back to 1 default profile: "default"
22:22:14.174 18662 [main] INFO  RaplaBootstrapLogger.logViaSlf4j rapla - Logging via SLF4J API.
22:22:14.189 18677 [main] INFO  ServerServiceImpl.<init> rapla - Rapla.Version=2.1-SNAPSHOT
22:22:14.190 18678 [main] INFO  ServerServiceImpl.<init> rapla - Rapla.Build=2026-05-09 19:21 GMT+0
22:22:14.191 18679 [main] INFO  ServerServiceImpl.<init> rapla - Java.Version=21.0.11
22:22:14.192 18680 [main] INFO  FileOperator.connect rapla - Connecting: file:/tmp/junit-14533464627019631051/rapla-data.xml
22:22:14.269 18757 [main] INFO  ConflictFinder.<init> rapla - Conflict initialization found 0 conflicts and took 0ms. 
22:22:14.341 18829 [main] INFO  NotificationService.start rapla.notification - NotificationServer Plugin started
22:22:14.341 18829 [main] INFO  NotificationService.start rapla.notification - scheduling command for NotificationSercice
22:22:14.388 18876 [main] INFO  Export2iCalConverter.<init> rapla - ExportAttendeesMailAttribute is not set. So do not export as meeting
22:22:14.659 19147 [main] INFO  MockServletContext.log o.s.b.t.m.w.SpringBootMockServletContext - Initializing Spring TestDispatcherServlet ''
22:22:14.660 19148 [main] INFO  FrameworkServlet.initServletBean o.s.t.w.s.TestDispatcherServlet - Initializing Servlet ''
22:22:14.663 19151 [main] INFO  FrameworkServlet.initServletBean o.s.t.w.s.TestDispatcherServlet - Completed initialization in 3 ms
22:22:14.710 19198 [main] INFO  StartupInfoLogger.logStarted o.r.s.s.w.AuthControllerIntegrationTest - Started AuthControllerIntegrationTest in 1.056 seconds (process running for 22.008)
22:22:14.740 19228 [main] INFO  RaplaAuthentificationService.authenticate rapla.login - User 'homer' is requesting login.
22:22:14.741 19229 [main] INFO  RaplaAuthentificationService.authenticate rapla.login - Check password for homer
22:22:14.742 19230 [main] INFO  RaplaAuthentificationService.authenticate rapla.login - Successfull login for 'homer'
22:22:14.865 19353 [main] INFO  RaplaAuthentificationService.authenticate rapla.login - User 'homer' is requesting login.
22:22:14.866 19354 [main] INFO  RaplaAuthentificationService.authenticate rapla.login - Check password for homer
22:22:14.867 19355 [main] INFO  RaplaAuthentificationService.authenticate rapla.login - Successfull login for 'homer'
22:22:14.897 19385 [main] INFO  RaplaAuthentificationService.authenticate rapla.login - User 'homer' is requesting login.
22:22:14.899 19387 [main] INFO  RaplaAuthentificationService.authenticate rapla.login - Check password for homer
22:22:14.899 19387 [main] INFO  RaplaAuthentificationService.authenticate rapla.login - Successfull login for 'homer'
22:22:15.004 19492 [main] INFO  StartupInfoLogger.logStarting o.r.s.s.w.RemoteLoggerControllerTest - Starting RemoteLoggerControllerTest using Java 21.0.11 with PID 259689 (started by chris in /home/chris/git/rapla/rapla-app)
22:22:15.004 19492 [main] INFO  SpringApplication.logStartupProfileInfo o.r.s.s.w.RemoteLoggerControllerTest - No active profile set, falling back to 1 default profile: "default"
22:22:15.450 19938 [main] INFO  RaplaBootstrapLogger.logViaSlf4j rapla - Logging via SLF4J API.
22:22:15.461 19949 [main] INFO  ServerServiceImpl.<init> rapla - Rapla.Version=2.1-SNAPSHOT
22:22:15.462 19950 [main] INFO  ServerServiceImpl.<init> rapla - Rapla.Build=2026-05-09 19:21 GMT+0
22:22:15.463 19951 [main] INFO  ServerServiceImpl.<init> rapla - Java.Version=21.0.11
22:22:15.463 19951 [main] INFO  FileOperator.connect rapla - Connecting: file:/home/chris/git/rapla/rapla-app/data/data.xml
22:22:15.507 19995 [main] INFO  ConflictFinder.<init> rapla - Conflict initialization found 0 conflicts and took 1ms. 
22:22:15.556 20044 [main] INFO  NotificationService.start rapla.notification - NotificationServer Plugin started
22:22:15.557 20045 [main] INFO  NotificationService.start rapla.notification - scheduling command for NotificationSercice
22:22:15.580 20068 [main] INFO  Export2iCalConverter.<init> rapla - ExportAttendeesMailAttribute is not set. So do not export as meeting
22:22:15.797 20285 [main] INFO  MockServletContext.log o.s.b.t.m.w.SpringBootMockServletContext - Initializing Spring TestDispatcherServlet ''
22:22:15.799 20287 [main] INFO  FrameworkServlet.initServletBean o.s.t.w.s.TestDispatcherServlet - Initializing Servlet ''
22:22:15.802 20290 [main] INFO  FrameworkServlet.initServletBean o.s.t.w.s.TestDispatcherServlet - Completed initialization in 3 ms
22:22:15.854 20342 [main] INFO  StartupInfoLogger.logStarted o.r.s.s.w.RemoteLoggerControllerTest - Started RemoteLoggerControllerTest in 0.906 seconds (process running for 23.152)
22:22:15.867 20355 [main] INFO  RemoteLoggerImpl.info rapla.some-client-id - hello from client
22:22:15.950 20438 [main] INFO  StartupInfoLogger.logStarting o.r.s.s.web.UrlPreservationTest - Starting UrlPreservationTest using Java 21.0.11 with PID 259689 (started by chris in /home/chris/git/rapla/rapla-app)
22:22:15.951 20439 [main] INFO  SpringApplication.logStartupProfileInfo o.r.s.s.web.UrlPreservationTest - No active profile set, falling back to 1 default profile: "default"
22:22:16.363 20851 [main] INFO  RaplaBootstrapLogger.logViaSlf4j rapla - Logging via SLF4J API.
22:22:16.377 20865 [main] INFO  ServerServiceImpl.<init> rapla - Rapla.Version=2.1-SNAPSHOT
22:22:16.378 20866 [main] INFO  ServerServiceImpl.<init> rapla - Rapla.Build=2026-05-09 19:21 GMT+0
22:22:16.378 20866 [main] INFO  ServerServiceImpl.<init> rapla - Java.Version=21.0.11
22:22:16.379 20867 [main] INFO  FileOperator.connect rapla - Connecting: file:/tmp/junit-17818378404809074170/rapla-data.xml
22:22:16.469 20957 [main] INFO  ConflictFinder.<init> rapla - Conflict initialization found 0 conflicts and took 0ms. 
22:22:16.527 21015 [main] INFO  NotificationService.start rapla.notification - NotificationServer Plugin started
22:22:16.528 21016 [main] INFO  NotificationService.start rapla.notification - scheduling command for NotificationSercice
22:22:16.550 21038 [main] INFO  Export2iCalConverter.<init> rapla - ExportAttendeesMailAttribute is not set. So do not export as meeting
22:22:16.763 21251 [main] INFO  MockServletContext.log o.s.b.t.m.w.SpringBootMockServletContext - Initializing Spring TestDispatcherServlet ''
22:22:16.764 21252 [main] INFO  FrameworkServlet.initServletBean o.s.t.w.s.TestDispatcherServlet - Initializing Servlet ''
22:22:16.767 21255 [main] INFO  FrameworkServlet.initServletBean o.s.t.w.s.TestDispatcherServlet - Completed initialization in 2 ms
22:22:16.809 21297 [main] INFO  StartupInfoLogger.logStarted o.r.s.s.web.UrlPreservationTest - Started UrlPreservationTest in 0.917 seconds (process running for 24.107)
22:22:16.829 21317 [main] WARN  CalendarPageGenerator.write404 rapla.html.404 - 404 Calendar not found for 3f49044c-1469-4699-8a66-5f46ec6c0a41
22:22:16.859 21347 [main] WARN  Export2iCalServlet.generatePage rapla.ical.404 - The calendar 'x' you tried to retrieve is not published or available for the user homer.
22:22:16.868 21356 [main] WARN  CalendarPageGenerator.write404 rapla.html.404 - 404 Calendar not found for 3f49044c-1469-4699-8a66-5f46ec6c0a41
22:22:16.878 21366 [main] WARN  Export2iCalServlet.generatePage rapla.ical.404 - The calendar 'x' you tried to retrieve is not published or available for the user homer.
22:22:17.949 22437 [main] INFO  RaplaBootstrapLogger.logViaSlf4j rapla - Logging via SLF4J API.
22:22:18.274 22762 [main] INFO  RaplaBootstrapLogger.logViaSlf4j rapla - Logging via SLF4J API.
22:22:18.586 23074 [main] INFO  StartupInfoLogger.logStarting o.r.c.s.SwingClientStartIntegrationTest - Starting SwingClientStartIntegrationTest using Java 21.0.11 with PID 259689 (started by chris in /home/chris/git/rapla/rapla-app)
22:22:18.587 23075 [main] INFO  SpringApplication.logStartupProfileInfo o.r.c.s.SwingClientStartIntegrationTest - No active profile set, falling back to 1 default profile: "default"
22:22:19.112 23600 [main] INFO  TomcatWebServer.initialize o.s.boot.tomcat.TomcatWebServer - Tomcat initialized with port 0 (http)
22:22:19.140 23628 [main] INFO  DirectJDKLog.log o.a.coyote.http11.Http11NioProtocol - Initializing ProtocolHandler ["http-nio-auto-1"]
22:22:19.143 23631 [main] INFO  DirectJDKLog.log o.a.catalina.core.StandardService - Starting service [Tomcat]
22:22:19.144 23632 [main] INFO  DirectJDKLog.log o.a.catalina.core.StandardEngine - Starting Servlet engine: [Apache Tomcat/11.0.21]
22:22:19.219 23707 [main] INFO  WebApplicationContextInitializer.prepareWebApplicationContext o.s.b.w.c.s.WebApplicationContextInitializer - Root WebApplicationContext: initialization completed in 631 ms
22:22:19.229 23717 [main] INFO  RaplaBootstrapLogger.logViaSlf4j rapla - Logging via SLF4J API.
22:22:19.407 23895 [main] INFO  ServerServiceImpl.<init> rapla - Rapla.Version=2.1-SNAPSHOT
22:22:19.408 23896 [main] INFO  ServerServiceImpl.<init> rapla - Rapla.Build=2026-05-09 19:21 GMT+0
22:22:19.408 23896 [main] INFO  ServerServiceImpl.<init> rapla - Java.Version=21.0.11
22:22:19.409 23897 [main] INFO  FileOperator.connect rapla - Connecting: file:/tmp/junit-5732154459470234830/rapla-data.xml
22:22:19.457 23945 [main] INFO  ConflictFinder.<init> rapla - Conflict initialization found 0 conflicts and took 0ms. 
22:22:19.507 23995 [main] INFO  NotificationService.start rapla.notification - NotificationServer Plugin started
22:22:19.508 23996 [main] INFO  NotificationService.start rapla.notification - scheduling command for NotificationSercice
22:22:19.529 24017 [main] INFO  Export2iCalConverter.<init> rapla - ExportAttendeesMailAttribute is not set. So do not export as meeting
22:22:19.733 24221 [main] INFO  DirectJDKLog.log o.a.coyote.http11.Http11NioProtocol - Starting ProtocolHandler ["http-nio-auto-1"]
22:22:19.762 24250 [main] INFO  TomcatWebServer.start o.s.boot.tomcat.TomcatWebServer - Tomcat started on port 44531 (http) with context path '/rapla'
22:22:19.765 24253 [main] INFO  StartupInfoLogger.logStarted o.r.c.s.SwingClientStartIntegrationTest - Started SwingClientStartIntegrationTest in 1.226 seconds (process running for 27.063)
22:22:20.005 24493 [main] INFO  RaplaBootstrapLogger.logViaSlf4j rapla - Logging via SLF4J API.
22:22:20.137 24625 [main] INFO  RaplaClientServiceImpl.<init> rapla - Rapla.Version=2.1-SNAPSHOT
22:22:20.139 24627 [main] INFO  RaplaClientServiceImpl.<init> rapla - Rapla.Build=2026-05-09 19:21 GMT+0
22:22:20.139 24627 [main] INFO  RaplaClientServiceImpl.<init> rapla - Java.Version=21.0.11
22:22:20.228 24716 [main] INFO  RaplaClientServiceImpl.initialize rapla - Starting gui 
22:22:20.229 24717 [main] INFO  RemoteOperator.connect rapla.remote - Connecting to server and starting login..
22:22:20.409 24897 [http-nio-auto-1-exec-1] INFO  DirectJDKLog.log o.a.c.c.C.[.[localhost].[/rapla] - Initializing Spring DispatcherServlet 'dispatcherServlet'
22:22:20.410 24898 [http-nio-auto-1-exec-1] INFO  FrameworkServlet.initServletBean o.s.web.servlet.DispatcherServlet - Initializing Servlet 'dispatcherServlet'
22:22:20.411 24899 [http-nio-auto-1-exec-1] INFO  FrameworkServlet.initServletBean o.s.web.servlet.DispatcherServlet - Completed initialization in 1 ms
22:22:20.425 24913 [http-nio-auto-1-exec-1] INFO  RaplaAuthentificationService.authenticate rapla.login - User 'homer' is requesting login.
22:22:20.426 24914 [http-nio-auto-1-exec-1] INFO  RaplaAuthentificationService.authenticate rapla.login - Check password for homer
22:22:20.426 24914 [http-nio-auto-1-exec-1] INFO  RaplaAuthentificationService.authenticate rapla.login - Successfull login for 'homer'
22:22:20.443 24931 [main] INFO  RemoteOperator.connect rapla.remote - login successfull
22:22:20.443 24931 [main] DEBUG RemoteOperator.loadData rapla.remote - Loading Data from server
22:22:20.540 25028 [main] DEBUG RemoteOperator.loadData rapla.remote - Data loaded
22:22:20.543 25031 [main] DEBUG RemoteOperator.loadData rapla.remote - Data flushed
22:22:20.544 25032 [main] INFO  ClientFacadeImpl.login rapla - Login homer
22:22:20.565 25053 [main] INFO  RaplaBootstrapLogger.logViaSlf4j rapla - Logging via SLF4J API.
22:22:20.731 25219 [main] INFO  StartupInfoLogger.logStarting o.r.c.s.HeadlessClientNameResolutionIntegrationTest - Starting HeadlessClientNameResolutionIntegrationTest using Java 21.0.11 with PID 259689 (started by chris in /home/chris/git/rapla/rapla-app)
22:22:20.732 25220 [main] INFO  SpringApplication.logStartupProfileInfo o.r.c.s.HeadlessClientNameResolutionIntegrationTest - No active profile set, falling back to 1 default profile: "default"
22:22:20.978 25466 [main] INFO  TomcatWebServer.initialize o.s.boot.tomcat.TomcatWebServer - Tomcat initialized with port 0 (http)
22:22:20.981 25469 [main] INFO  DirectJDKLog.log o.a.coyote.http11.Http11NioProtocol - Initializing ProtocolHandler ["http-nio-auto-2"]
22:22:20.982 25470 [main] INFO  DirectJDKLog.log o.a.catalina.core.StandardService - Starting service [Tomcat]
22:22:20.983 25471 [main] INFO  DirectJDKLog.log o.a.catalina.core.StandardEngine - Starting Servlet engine: [Apache Tomcat/11.0.21]
22:22:20.997 25485 [main] INFO  WebApplicationContextInitializer.prepareWebApplicationContext o.s.b.w.c.s.WebApplicationContextInitializer - Root WebApplicationContext: initialization completed in 262 ms
22:22:21.003 25491 [main] INFO  RaplaBootstrapLogger.logViaSlf4j rapla - Logging via SLF4J API.
22:22:21.140 25628 [main] INFO  ServerServiceImpl.<init> rapla - Rapla.Version=2.1-SNAPSHOT
22:22:21.141 25629 [main] INFO  ServerServiceImpl.<init> rapla - Rapla.Build=2026-05-09 19:21 GMT+0
22:22:21.142 25630 [main] INFO  ServerServiceImpl.<init> rapla - Java.Version=21.0.11
22:22:21.142 25630 [main] INFO  FileOperator.connect rapla - Connecting: file:/tmp/junit-8943753708145884941/rapla-data.xml
22:22:21.203 25691 [main] INFO  ConflictFinder.<init> rapla - Conflict initialization found 0 conflicts and took 0ms. 
22:22:21.253 25741 [main] INFO  NotificationService.start rapla.notification - NotificationServer Plugin started
22:22:21.254 25742 [main] INFO  NotificationService.start rapla.notification - scheduling command for NotificationSercice
22:22:21.279 25767 [main] INFO  Export2iCalConverter.<init> rapla - ExportAttendeesMailAttribute is not set. So do not export as meeting
22:22:21.466 25954 [main] INFO  DirectJDKLog.log o.a.coyote.http11.Http11NioProtocol - Starting ProtocolHandler ["http-nio-auto-2"]
22:22:21.479 25967 [main] INFO  TomcatWebServer.start o.s.boot.tomcat.TomcatWebServer - Tomcat started on port 33219 (http) with context path '/rapla'
22:22:21.482 25970 [main] INFO  StartupInfoLogger.logStarted o.r.c.s.HeadlessClientNameResolutionIntegrationTest - Started HeadlessClientNameResolutionIntegrationTest in 0.804 seconds (process running for 28.78)
22:22:21.675 26163 [main] INFO  RaplaBootstrapLogger.logViaSlf4j rapla - Logging via SLF4J API.
22:22:21.740 26228 [main] INFO  RaplaClientServiceImpl.<init> rapla - Rapla.Version=2.1-SNAPSHOT
22:22:21.741 26229 [main] INFO  RaplaClientServiceImpl.<init> rapla - Rapla.Build=2026-05-09 19:21 GMT+0
22:22:21.741 26229 [main] INFO  RaplaClientServiceImpl.<init> rapla - Java.Version=21.0.11
22:22:21.742 26230 [main] INFO  RaplaClientServiceImpl.initialize rapla - Starting gui 
22:22:21.743 26231 [main] INFO  RemoteOperator.connect rapla.remote - Connecting to server and starting login..
22:22:21.748 26236 [http-nio-auto-2-exec-1] INFO  DirectJDKLog.log o.a.c.c.C.[.[localhost].[/rapla] - Initializing Spring DispatcherServlet 'dispatcherServlet'
22:22:21.748 26236 [http-nio-auto-2-exec-1] INFO  FrameworkServlet.initServletBean o.s.web.servlet.DispatcherServlet - Initializing Servlet 'dispatcherServlet'
22:22:21.750 26238 [http-nio-auto-2-exec-1] INFO  FrameworkServlet.initServletBean o.s.web.servlet.DispatcherServlet - Completed initialization in 1 ms
22:22:21.754 26242 [http-nio-auto-2-exec-1] INFO  RaplaAuthentificationService.authenticate rapla.login - User 'homer' is requesting login.
22:22:21.755 26243 [http-nio-auto-2-exec-1] INFO  RaplaAuthentificationService.authenticate rapla.login - Check password for homer
22:22:21.755 26243 [http-nio-auto-2-exec-1] INFO  RaplaAuthentificationService.authenticate rapla.login - Successfull login for 'homer'
22:22:21.769 26257 [main] INFO  RemoteOperator.connect rapla.remote - login successfull
22:22:21.770 26258 [main] DEBUG RemoteOperator.loadData rapla.remote - Loading Data from server
22:22:21.843 26331 [main] DEBUG RemoteOperator.loadData rapla.remote - Data loaded
22:22:21.845 26333 [main] DEBUG RemoteOperator.loadData rapla.remote - Data flushed
22:22:21.846 26334 [main] INFO  ClientFacadeImpl.login rapla - Login homer
22:22:21.894 26382 [raplascheduler-54] DEBUG RemoteOperator.lambda$queryAppointments$14 rapla.remote - event server call took  34 ms
22:22:21.895 26383 [raplascheduler-54] DEBUG RemoteOperator.lambda$queryAppointments$14 rapla.remote - event post processing took  0 ms
22:22:22.169 26657 [SpringApplicationShutdownHook] INFO  GracefulShutdown.shutDownGracefully o.s.boot.tomcat.GracefulShutdown - Commencing graceful shutdown. Waiting for active requests to complete
22:22:22.177 26665 [tomcat-shutdown] INFO  GracefulShutdown.doShutdown o.s.boot.tomcat.GracefulShutdown - Graceful shutdown complete
22:22:22.252 26740 [SpringApplicationShutdownHook] INFO  GracefulShutdown.shutDownGracefully o.s.boot.tomcat.GracefulShutdown - Commencing graceful shutdown. Waiting for active requests to complete
22:22:22.261 26749 [tomcat-shutdown] INFO  GracefulShutdown.doShutdown o.s.boot.tomcat.GracefulShutdown - Graceful shutdown complete
22:24:23.112 5211 [main] INFO  StartupInfoLogger.logStarting o.r.s.s.RaplaSpringBootApplicationTest - Starting RaplaSpringBootApplicationTest using Java 21.0.11 with PID 260256 (started by chris in /home/chris/git/rapla/rapla-app)
22:24:23.124 5223 [main] INFO  SpringApplication.logStartupProfileInfo o.r.s.s.RaplaSpringBootApplicationTest - No active profile set, falling back to 1 default profile: "default"
22:24:26.346 8445 [main] INFO  RaplaBootstrapLogger.logViaSlf4j rapla - Logging via SLF4J API.
22:24:26.517 8616 [main] INFO  ServerServiceImpl.<init> rapla - Rapla.Version=2.1-SNAPSHOT
22:24:26.519 8618 [main] INFO  ServerServiceImpl.<init> rapla - Rapla.Build=2026-05-09 19:23 GMT+0
22:24:26.521 8620 [main] INFO  ServerServiceImpl.<init> rapla - Java.Version=21.0.11
22:24:26.523 8622 [main] INFO  FileOperator.connect rapla - Connecting: file:/tmp/junit-5859759287611404626/rapla-data.xml
22:24:26.946 9045 [main] INFO  ConflictFinder.<init> rapla - Conflict initialization found 0 conflicts and took 2ms. 
22:24:27.523 9622 [main] INFO  NotificationService.start rapla.notification - NotificationServer Plugin started
22:24:27.524 9623 [main] INFO  NotificationService.start rapla.notification - scheduling command for NotificationSercice
22:24:27.815 9914 [main] INFO  Export2iCalConverter.<init> rapla - ExportAttendeesMailAttribute is not set. So do not export as meeting
22:24:29.277 11376 [main] INFO  StartupInfoLogger.logStarted o.r.s.s.RaplaSpringBootApplicationTest - Started RaplaSpringBootApplicationTest in 7.021 seconds (process running for 14.109)
22:24:30.926 13025 [main] INFO  StartupInfoLogger.logStarting o.r.s.s.ServerServiceIntegrationTest - Starting ServerServiceIntegrationTest using Java 21.0.11 with PID 260256 (started by chris in /home/chris/git/rapla/rapla-app)
22:24:30.927 13026 [main] INFO  SpringApplication.logStartupProfileInfo o.r.s.s.ServerServiceIntegrationTest - No active profile set, falling back to 1 default profile: "default"
22:24:31.542 13641 [main] INFO  RaplaBootstrapLogger.logViaSlf4j rapla - Logging via SLF4J API.
22:24:31.563 13662 [main] INFO  ServerServiceImpl.<init> rapla - Rapla.Version=2.1-SNAPSHOT
22:24:31.565 13664 [main] INFO  ServerServiceImpl.<init> rapla - Rapla.Build=2026-05-09 19:23 GMT+0
22:24:31.565 13664 [main] INFO  ServerServiceImpl.<init> rapla - Java.Version=21.0.11
22:24:31.566 13665 [main] INFO  FileOperator.connect rapla - Connecting: file:/tmp/junit-3688691513587482323/rapla-data.xml
22:24:31.685 13784 [main] INFO  ConflictFinder.<init> rapla - Conflict initialization found 0 conflicts and took 0ms. 
22:24:31.787 13886 [main] INFO  NotificationService.start rapla.notification - NotificationServer Plugin started
22:24:31.788 13887 [main] INFO  NotificationService.start rapla.notification - scheduling command for NotificationSercice
22:24:31.835 13934 [main] INFO  Export2iCalConverter.<init> rapla - ExportAttendeesMailAttribute is not set. So do not export as meeting
22:24:32.220 14319 [main] INFO  StartupInfoLogger.logStarted o.r.s.s.ServerServiceIntegrationTest - Started ServerServiceIntegrationTest in 1.392 seconds (process running for 17.052)
22:24:32.416 14515 [main] INFO  StartupInfoLogger.logStarting o.r.s.s.w.RemoteStorageErrorMappingIntegrationTest - Starting RemoteStorageErrorMappingIntegrationTest using Java 21.0.11 with PID 260256 (started by chris in /home/chris/git/rapla/rapla-app)
22:24:32.417 14516 [main] INFO  SpringApplication.logStartupProfileInfo o.r.s.s.w.RemoteStorageErrorMappingIntegrationTest - No active profile set, falling back to 1 default profile: "default"
22:24:33.095 15194 [main] INFO  RaplaBootstrapLogger.logViaSlf4j rapla - Logging via SLF4J API.
22:24:33.111 15210 [main] INFO  ServerServiceImpl.<init> rapla - Rapla.Version=2.1-SNAPSHOT
22:24:33.113 15212 [main] INFO  ServerServiceImpl.<init> rapla - Rapla.Build=2026-05-09 19:23 GMT+0
22:24:33.114 15213 [main] INFO  ServerServiceImpl.<init> rapla - Java.Version=21.0.11
22:24:33.114 15213 [main] INFO  FileOperator.connect rapla - Connecting: file:/tmp/junit-9798056397540856370/rapla-data.xml
22:24:33.196 15295 [main] INFO  ConflictFinder.<init> rapla - Conflict initialization found 0 conflicts and took 0ms. 
22:24:33.271 15370 [main] INFO  NotificationService.start rapla.notification - NotificationServer Plugin started
22:24:33.272 15371 [main] INFO  NotificationService.start rapla.notification - scheduling command for NotificationSercice
22:24:33.306 15405 [main] INFO  Export2iCalConverter.<init> rapla - ExportAttendeesMailAttribute is not set. So do not export as meeting
22:24:33.631 15730 [main] INFO  MockServletContext.log o.s.b.t.m.w.SpringBootMockServletContext - Initializing Spring TestDispatcherServlet ''
22:24:33.632 15731 [main] INFO  FrameworkServlet.initServletBean o.s.t.w.s.TestDispatcherServlet - Initializing Servlet ''
22:24:33.636 15735 [main] INFO  FrameworkServlet.initServletBean o.s.t.w.s.TestDispatcherServlet - Completed initialization in 3 ms
22:24:33.707 15806 [main] INFO  StartupInfoLogger.logStarted o.r.s.s.w.RemoteStorageErrorMappingIntegrationTest - Started RemoteStorageErrorMappingIntegrationTest in 1.415 seconds (process running for 18.539)
22:24:33.911 16010 [main] INFO  RaplaAuthentificationService.authenticate rapla.login - User 'homer' is requesting login.
22:24:33.912 16011 [main] INFO  RaplaAuthentificationService.authenticate rapla.login - Check password for homer
22:24:33.913 16012 [main] WARN  LocalAbstractCachableOperator.authenticate rapla - Login failed for homer
22:24:33.969 16068 [main] INFO  RaplaAuthentificationService.authenticate rapla.login - User 'homer' is requesting login.
22:24:33.970 16069 [main] INFO  RaplaAuthentificationService.authenticate rapla.login - Check password for homer
22:24:33.970 16069 [main] INFO  RaplaAuthentificationService.authenticate rapla.login - Successfull login for 'homer'
22:24:34.131 16230 [main] INFO  RaplaAuthentificationService.authenticate rapla.login - User 'homer' is requesting login.
22:24:34.132 16231 [main] INFO  RaplaAuthentificationService.authenticate rapla.login - Check password for homer
22:24:34.133 16232 [main] INFO  RaplaAuthentificationService.authenticate rapla.login - Successfull login for 'homer'
22:24:34.219 16318 [main] INFO  StartupInfoLogger.logStarting o.r.s.s.w.AuthControllerIntegrationTest - Starting AuthControllerIntegrationTest using Java 21.0.11 with PID 260256 (started by chris in /home/chris/git/rapla/rapla-app)
22:24:34.220 16319 [main] INFO  SpringApplication.logStartupProfileInfo o.r.s.s.w.AuthControllerIntegrationTest - No active profile set, falling back to 1 default profile: "default"
22:24:34.671 16770 [main] INFO  RaplaBootstrapLogger.logViaSlf4j rapla - Logging via SLF4J API.
22:24:34.692 16791 [main] INFO  ServerServiceImpl.<init> rapla - Rapla.Version=2.1-SNAPSHOT
22:24:34.694 16793 [main] INFO  ServerServiceImpl.<init> rapla - Rapla.Build=2026-05-09 19:23 GMT+0
22:24:34.694 16793 [main] INFO  ServerServiceImpl.<init> rapla - Java.Version=21.0.11
22:24:34.695 16794 [main] INFO  FileOperator.connect rapla - Connecting: file:/tmp/junit-2220434039995878961/rapla-data.xml
22:24:34.805 16904 [main] INFO  ConflictFinder.<init> rapla - Conflict initialization found 0 conflicts and took 0ms. 
22:24:34.886 16985 [main] INFO  NotificationService.start rapla.notification - NotificationServer Plugin started
22:24:34.887 16986 [main] INFO  NotificationService.start rapla.notification - scheduling command for NotificationSercice
22:24:34.922 17021 [main] INFO  Export2iCalConverter.<init> rapla - ExportAttendeesMailAttribute is not set. So do not export as meeting
22:24:35.306 17405 [main] INFO  MockServletContext.log o.s.b.t.m.w.SpringBootMockServletContext - Initializing Spring TestDispatcherServlet ''
22:24:35.307 17406 [main] INFO  FrameworkServlet.initServletBean o.s.t.w.s.TestDispatcherServlet - Initializing Servlet ''
22:24:35.312 17411 [main] INFO  FrameworkServlet.initServletBean o.s.t.w.s.TestDispatcherServlet - Completed initialization in 5 ms
22:24:35.369 17468 [main] INFO  StartupInfoLogger.logStarted o.r.s.s.w.AuthControllerIntegrationTest - Started AuthControllerIntegrationTest in 1.205 seconds (process running for 20.201)
22:24:35.402 17501 [main] INFO  RaplaAuthentificationService.authenticate rapla.login - User 'homer' is requesting login.
22:24:35.404 17503 [main] INFO  RaplaAuthentificationService.authenticate rapla.login - Check password for homer
22:24:35.405 17504 [main] INFO  RaplaAuthentificationService.authenticate rapla.login - Successfull login for 'homer'
22:24:35.561 17660 [main] INFO  RaplaAuthentificationService.authenticate rapla.login - User 'homer' is requesting login.
22:24:35.563 17662 [main] INFO  RaplaAuthentificationService.authenticate rapla.login - Check password for homer
22:24:35.564 17663 [main] INFO  RaplaAuthentificationService.authenticate rapla.login - Successfull login for 'homer'
22:24:35.595 17694 [main] INFO  RaplaAuthentificationService.authenticate rapla.login - User 'homer' is requesting login.
22:24:35.596 17695 [main] INFO  RaplaAuthentificationService.authenticate rapla.login - Check password for homer
22:24:35.597 17696 [main] INFO  RaplaAuthentificationService.authenticate rapla.login - Successfull login for 'homer'
22:24:35.717 17816 [main] INFO  StartupInfoLogger.logStarting o.r.s.s.w.RemoteLoggerControllerTest - Starting RemoteLoggerControllerTest using Java 21.0.11 with PID 260256 (started by chris in /home/chris/git/rapla/rapla-app)
22:24:35.718 17817 [main] INFO  SpringApplication.logStartupProfileInfo o.r.s.s.w.RemoteLoggerControllerTest - No active profile set, falling back to 1 default profile: "default"
22:24:36.125 18224 [main] INFO  RaplaBootstrapLogger.logViaSlf4j rapla - Logging via SLF4J API.
22:24:36.138 18237 [main] INFO  ServerServiceImpl.<init> rapla - Rapla.Version=2.1-SNAPSHOT
22:24:36.139 18238 [main] INFO  ServerServiceImpl.<init> rapla - Rapla.Build=2026-05-09 19:23 GMT+0
22:24:36.139 18238 [main] INFO  ServerServiceImpl.<init> rapla - Java.Version=21.0.11
22:24:36.140 18239 [main] INFO  FileOperator.connect rapla - Connecting: file:/home/chris/git/rapla/rapla-app/data/data.xml
22:24:36.198 18297 [main] INFO  ConflictFinder.<init> rapla - Conflict initialization found 0 conflicts and took 2ms. 
22:24:36.247 18346 [main] INFO  NotificationService.start rapla.notification - NotificationServer Plugin started
22:24:36.249 18348 [main] INFO  NotificationService.start rapla.notification - scheduling command for NotificationSercice
22:24:36.278 18377 [main] INFO  Export2iCalConverter.<init> rapla - ExportAttendeesMailAttribute is not set. So do not export as meeting
22:24:36.504 18603 [main] INFO  MockServletContext.log o.s.b.t.m.w.SpringBootMockServletContext - Initializing Spring TestDispatcherServlet ''
22:24:36.505 18604 [main] INFO  FrameworkServlet.initServletBean o.s.t.w.s.TestDispatcherServlet - Initializing Servlet ''
22:24:36.509 18608 [main] INFO  FrameworkServlet.initServletBean o.s.t.w.s.TestDispatcherServlet - Completed initialization in 3 ms
22:24:36.548 18647 [main] INFO  StartupInfoLogger.logStarted o.r.s.s.w.RemoteLoggerControllerTest - Started RemoteLoggerControllerTest in 0.906 seconds (process running for 21.38)
22:24:36.559 18658 [main] INFO  RemoteLoggerImpl.info rapla.some-client-id - hello from client
22:24:36.651 18750 [main] INFO  StartupInfoLogger.logStarting o.r.s.s.web.UrlPreservationTest - Starting UrlPreservationTest using Java 21.0.11 with PID 260256 (started by chris in /home/chris/git/rapla/rapla-app)
22:24:36.652 18751 [main] INFO  SpringApplication.logStartupProfileInfo o.r.s.s.web.UrlPreservationTest - No active profile set, falling back to 1 default profile: "default"
22:24:37.052 19151 [main] INFO  RaplaBootstrapLogger.logViaSlf4j rapla - Logging via SLF4J API.
22:24:37.064 19163 [main] INFO  ServerServiceImpl.<init> rapla - Rapla.Version=2.1-SNAPSHOT
22:24:37.066 19165 [main] INFO  ServerServiceImpl.<init> rapla - Rapla.Build=2026-05-09 19:23 GMT+0
22:24:37.068 19167 [main] INFO  ServerServiceImpl.<init> rapla - Java.Version=21.0.11
22:24:37.069 19168 [main] INFO  FileOperator.connect rapla - Connecting: file:/tmp/junit-9784336064461464551/rapla-data.xml
22:24:37.240 19339 [main] INFO  ConflictFinder.<init> rapla - Conflict initialization found 0 conflicts and took 1ms. 
22:24:37.312 19411 [main] INFO  NotificationService.start rapla.notification - NotificationServer Plugin started
22:24:37.313 19412 [main] INFO  NotificationService.start rapla.notification - scheduling command for NotificationSercice
22:24:37.337 19436 [main] INFO  Export2iCalConverter.<init> rapla - ExportAttendeesMailAttribute is not set. So do not export as meeting
22:24:37.547 19646 [main] INFO  MockServletContext.log o.s.b.t.m.w.SpringBootMockServletContext - Initializing Spring TestDispatcherServlet ''
22:24:37.548 19647 [main] INFO  FrameworkServlet.initServletBean o.s.t.w.s.TestDispatcherServlet - Initializing Servlet ''
22:24:37.552 19651 [main] INFO  FrameworkServlet.initServletBean o.s.t.w.s.TestDispatcherServlet - Completed initialization in 2 ms
22:24:37.590 19689 [main] INFO  StartupInfoLogger.logStarted o.r.s.s.web.UrlPreservationTest - Started UrlPreservationTest in 1.004 seconds (process running for 22.422)
22:24:37.620 19719 [main] WARN  CalendarPageGenerator.write404 rapla.html.404 - 404 Calendar not found for 3f49044c-1469-4699-8a66-5f46ec6c0a41
22:24:37.645 19744 [main] WARN  Export2iCalServlet.generatePage rapla.ical.404 - The calendar 'x' you tried to retrieve is not published or available for the user homer.
22:24:37.655 19754 [main] WARN  CalendarPageGenerator.write404 rapla.html.404 - 404 Calendar not found for 3f49044c-1469-4699-8a66-5f46ec6c0a41
22:24:37.667 19766 [main] WARN  Export2iCalServlet.generatePage rapla.ical.404 - The calendar 'x' you tried to retrieve is not published or available for the user homer.
22:24:38.825 20924 [main] INFO  RaplaBootstrapLogger.logViaSlf4j rapla - Logging via SLF4J API.
22:24:39.190 21289 [main] INFO  RaplaBootstrapLogger.logViaSlf4j rapla - Logging via SLF4J API.
22:24:39.514 21613 [main] INFO  StartupInfoLogger.logStarting o.r.c.s.SwingClientStartIntegrationTest - Starting SwingClientStartIntegrationTest using Java 21.0.11 with PID 260256 (started by chris in /home/chris/git/rapla/rapla-app)
22:24:39.515 21614 [main] INFO  SpringApplication.logStartupProfileInfo o.r.c.s.SwingClientStartIntegrationTest - No active profile set, falling back to 1 default profile: "default"
22:24:40.009 22108 [main] INFO  TomcatWebServer.initialize o.s.boot.tomcat.TomcatWebServer - Tomcat initialized with port 0 (http)
22:24:40.048 22147 [main] INFO  DirectJDKLog.log o.a.coyote.http11.Http11NioProtocol - Initializing ProtocolHandler ["http-nio-auto-1"]
22:24:40.051 22150 [main] INFO  DirectJDKLog.log o.a.catalina.core.StandardService - Starting service [Tomcat]
22:24:40.052 22151 [main] INFO  DirectJDKLog.log o.a.catalina.core.StandardEngine - Starting Servlet engine: [Apache Tomcat/11.0.21]
22:24:40.135 22234 [main] INFO  WebApplicationContextInitializer.prepareWebApplicationContext o.s.b.w.c.s.WebApplicationContextInitializer - Root WebApplicationContext: initialization completed in 617 ms
22:24:40.144 22243 [main] INFO  RaplaBootstrapLogger.logViaSlf4j rapla - Logging via SLF4J API.
22:24:40.421 22520 [main] INFO  ServerServiceImpl.<init> rapla - Rapla.Version=2.1-SNAPSHOT
22:24:40.422 22521 [main] INFO  ServerServiceImpl.<init> rapla - Rapla.Build=2026-05-09 19:23 GMT+0
22:24:40.423 22522 [main] INFO  ServerServiceImpl.<init> rapla - Java.Version=21.0.11
22:24:40.423 22522 [main] INFO  FileOperator.connect rapla - Connecting: file:/tmp/junit-1095523794946623487/rapla-data.xml
22:24:40.476 22575 [main] INFO  ConflictFinder.<init> rapla - Conflict initialization found 0 conflicts and took 0ms. 
22:24:40.529 22628 [main] INFO  NotificationService.start rapla.notification - NotificationServer Plugin started
22:24:40.530 22629 [main] INFO  NotificationService.start rapla.notification - scheduling command for NotificationSercice
22:24:40.561 22660 [main] INFO  Export2iCalConverter.<init> rapla - ExportAttendeesMailAttribute is not set. So do not export as meeting
22:24:40.790 22889 [main] INFO  DirectJDKLog.log o.a.coyote.http11.Http11NioProtocol - Starting ProtocolHandler ["http-nio-auto-1"]
22:24:40.858 22957 [main] INFO  TomcatWebServer.start o.s.boot.tomcat.TomcatWebServer - Tomcat started on port 46393 (http) with context path '/rapla'
22:24:40.863 22962 [main] INFO  StartupInfoLogger.logStarted o.r.c.s.SwingClientStartIntegrationTest - Started SwingClientStartIntegrationTest in 1.405 seconds (process running for 25.695)
22:24:41.111 23210 [main] INFO  RaplaBootstrapLogger.logViaSlf4j rapla - Logging via SLF4J API.
22:24:41.193 23292 [main] INFO  RaplaClientServiceImpl.<init> rapla - Rapla.Version=2.1-SNAPSHOT
22:24:41.194 23293 [main] INFO  RaplaClientServiceImpl.<init> rapla - Rapla.Build=2026-05-09 19:23 GMT+0
22:24:41.195 23294 [main] INFO  RaplaClientServiceImpl.<init> rapla - Java.Version=21.0.11
22:24:41.287 23386 [main] INFO  RaplaClientServiceImpl.initialize rapla - Starting gui 
22:24:41.288 23387 [main] INFO  RemoteOperator.connect rapla.remote - Connecting to server and starting login..
22:24:41.458 23557 [http-nio-auto-1-exec-1] INFO  DirectJDKLog.log o.a.c.c.C.[.[localhost].[/rapla] - Initializing Spring DispatcherServlet 'dispatcherServlet'
22:24:41.458 23557 [http-nio-auto-1-exec-1] INFO  FrameworkServlet.initServletBean o.s.web.servlet.DispatcherServlet - Initializing Servlet 'dispatcherServlet'
22:24:41.460 23559 [http-nio-auto-1-exec-1] INFO  FrameworkServlet.initServletBean o.s.web.servlet.DispatcherServlet - Completed initialization in 2 ms
22:24:41.475 23574 [http-nio-auto-1-exec-1] INFO  RaplaAuthentificationService.authenticate rapla.login - User 'homer' is requesting login.
22:24:41.476 23575 [http-nio-auto-1-exec-1] INFO  RaplaAuthentificationService.authenticate rapla.login - Check password for homer
22:24:41.476 23575 [http-nio-auto-1-exec-1] INFO  RaplaAuthentificationService.authenticate rapla.login - Successfull login for 'homer'
22:24:41.496 23595 [main] INFO  RemoteOperator.connect rapla.remote - login successfull
22:24:41.497 23596 [main] DEBUG RemoteOperator.loadData rapla.remote - Loading Data from server
22:24:41.609 23708 [main] DEBUG RemoteOperator.loadData rapla.remote - Data loaded
22:24:41.611 23710 [main] DEBUG RemoteOperator.loadData rapla.remote - Data flushed
22:24:41.612 23711 [main] INFO  ClientFacadeImpl.login rapla - Login homer
22:24:41.638 23737 [main] INFO  RaplaBootstrapLogger.logViaSlf4j rapla - Logging via SLF4J API.
22:24:41.805 23904 [main] INFO  StartupInfoLogger.logStarting o.r.c.s.HeadlessClientNameResolutionIntegrationTest - Starting HeadlessClientNameResolutionIntegrationTest using Java 21.0.11 with PID 260256 (started by chris in /home/chris/git/rapla/rapla-app)
22:24:41.806 23905 [main] INFO  SpringApplication.logStartupProfileInfo o.r.c.s.HeadlessClientNameResolutionIntegrationTest - No active profile set, falling back to 1 default profile: "default"
22:24:42.032 24131 [main] INFO  TomcatWebServer.initialize o.s.boot.tomcat.TomcatWebServer - Tomcat initialized with port 0 (http)
22:24:42.034 24133 [main] INFO  DirectJDKLog.log o.a.coyote.http11.Http11NioProtocol - Initializing ProtocolHandler ["http-nio-auto-2"]
22:24:42.035 24134 [main] INFO  DirectJDKLog.log o.a.catalina.core.StandardService - Starting service [Tomcat]
22:24:42.036 24135 [main] INFO  DirectJDKLog.log o.a.catalina.core.StandardEngine - Starting Servlet engine: [Apache Tomcat/11.0.21]
22:24:42.052 24151 [main] INFO  WebApplicationContextInitializer.prepareWebApplicationContext o.s.b.w.c.s.WebApplicationContextInitializer - Root WebApplicationContext: initialization completed in 243 ms
22:24:42.058 24157 [main] INFO  RaplaBootstrapLogger.logViaSlf4j rapla - Logging via SLF4J API.
22:24:42.205 24304 [main] INFO  ServerServiceImpl.<init> rapla - Rapla.Version=2.1-SNAPSHOT
22:24:42.206 24305 [main] INFO  ServerServiceImpl.<init> rapla - Rapla.Build=2026-05-09 19:23 GMT+0
22:24:42.207 24306 [main] INFO  ServerServiceImpl.<init> rapla - Java.Version=21.0.11
22:24:42.208 24307 [main] INFO  FileOperator.connect rapla - Connecting: file:/tmp/junit-3831578141606719215/rapla-data.xml
22:24:42.270 24369 [main] INFO  ConflictFinder.<init> rapla - Conflict initialization found 0 conflicts and took 1ms. 
22:24:42.316 24415 [main] INFO  NotificationService.start rapla.notification - NotificationServer Plugin started
22:24:42.317 24416 [main] INFO  NotificationService.start rapla.notification - scheduling command for NotificationSercice
22:24:42.340 24439 [main] INFO  Export2iCalConverter.<init> rapla - ExportAttendeesMailAttribute is not set. So do not export as meeting
22:24:42.512 24611 [main] INFO  DirectJDKLog.log o.a.coyote.http11.Http11NioProtocol - Starting ProtocolHandler ["http-nio-auto-2"]
22:24:42.526 24625 [main] INFO  TomcatWebServer.start o.s.boot.tomcat.TomcatWebServer - Tomcat started on port 41299 (http) with context path '/rapla'
22:24:42.530 24629 [main] INFO  StartupInfoLogger.logStarted o.r.c.s.HeadlessClientNameResolutionIntegrationTest - Started HeadlessClientNameResolutionIntegrationTest in 0.774 seconds (process running for 27.362)
22:24:42.812 24911 [main] INFO  RaplaBootstrapLogger.logViaSlf4j rapla - Logging via SLF4J API.
22:24:42.869 24968 [main] INFO  RaplaClientServiceImpl.<init> rapla - Rapla.Version=2.1-SNAPSHOT
22:24:42.870 24969 [main] INFO  RaplaClientServiceImpl.<init> rapla - Rapla.Build=2026-05-09 19:23 GMT+0
22:24:42.870 24969 [main] INFO  RaplaClientServiceImpl.<init> rapla - Java.Version=21.0.11
22:24:42.871 24970 [main] INFO  RaplaClientServiceImpl.initialize rapla - Starting gui 
22:24:42.872 24971 [main] INFO  RemoteOperator.connect rapla.remote - Connecting to server and starting login..
22:24:42.878 24977 [http-nio-auto-2-exec-1] INFO  DirectJDKLog.log o.a.c.c.C.[.[localhost].[/rapla] - Initializing Spring DispatcherServlet 'dispatcherServlet'
22:24:42.879 24978 [http-nio-auto-2-exec-1] INFO  FrameworkServlet.initServletBean o.s.web.servlet.DispatcherServlet - Initializing Servlet 'dispatcherServlet'
22:24:42.881 24980 [http-nio-auto-2-exec-1] INFO  FrameworkServlet.initServletBean o.s.web.servlet.DispatcherServlet - Completed initialization in 2 ms
22:24:42.886 24985 [http-nio-auto-2-exec-1] INFO  RaplaAuthentificationService.authenticate rapla.login - User 'homer' is requesting login.
22:24:42.887 24986 [http-nio-auto-2-exec-1] INFO  RaplaAuthentificationService.authenticate rapla.login - Check password for homer
22:24:42.887 24986 [http-nio-auto-2-exec-1] INFO  RaplaAuthentificationService.authenticate rapla.login - Successfull login for 'homer'
22:24:42.894 24993 [main] INFO  RemoteOperator.connect rapla.remote - login successfull
22:24:42.894 24993 [main] DEBUG RemoteOperator.loadData rapla.remote - Loading Data from server
22:24:42.993 25092 [main] DEBUG RemoteOperator.loadData rapla.remote - Data loaded
22:24:42.995 25094 [main] DEBUG RemoteOperator.loadData rapla.remote - Data flushed
22:24:42.996 25095 [main] INFO  ClientFacadeImpl.login rapla - Login homer
22:24:43.077 25176 [raplascheduler-54] DEBUG RemoteOperator.lambda$queryAppointments$14 rapla.remote - event server call took  63 ms
22:24:43.078 25177 [raplascheduler-54] DEBUG RemoteOperator.lambda$queryAppointments$14 rapla.remote - event post processing took  0 ms
22:24:43.375 25474 [SpringApplicationShutdownHook] INFO  GracefulShutdown.shutDownGracefully o.s.boot.tomcat.GracefulShutdown - Commencing graceful shutdown. Waiting for active requests to complete
22:24:43.381 25480 [tomcat-shutdown] INFO  GracefulShutdown.doShutdown o.s.boot.tomcat.GracefulShutdown - Graceful shutdown complete
22:24:43.455 25554 [SpringApplicationShutdownHook] INFO  GracefulShutdown.shutDownGracefully o.s.boot.tomcat.GracefulShutdown - Commencing graceful shutdown. Waiting for active requests to complete
22:24:43.470 25569 [tomcat-shutdown] INFO  GracefulShutdown.doShutdown o.s.boot.tomcat.GracefulShutdown - Graceful shutdown complete
22:26:34.134 2592 [main] INFO  StartupInfoLogger.logStarting o.r.s.s.RaplaSpringBootApplicationTest - Starting RaplaSpringBootApplicationTest using Java 21.0.11 with PID 260807 (started by chris in /home/chris/git/rapla/rapla-app)
22:26:34.151 2609 [main] INFO  SpringApplication.logStartupProfileInfo o.r.s.s.RaplaSpringBootApplicationTest - No active profile set, falling back to 1 default profile: "default"
22:26:37.290 5748 [main] INFO  RaplaBootstrapLogger.logViaSlf4j rapla - Logging via SLF4J API.
22:26:37.444 5902 [main] INFO  ServerServiceImpl.<init> rapla - Rapla.Version=2.1-SNAPSHOT
22:26:37.445 5903 [main] INFO  ServerServiceImpl.<init> rapla - Rapla.Build=2026-05-09 19:25 GMT+0
22:26:37.453 5911 [main] INFO  ServerServiceImpl.<init> rapla - Java.Version=21.0.11
22:26:37.454 5912 [main] INFO  FileOperator.connect rapla - Connecting: file:/tmp/junit-12577941811692289830/rapla-data.xml
22:26:37.926 6384 [main] INFO  ConflictFinder.<init> rapla - Conflict initialization found 0 conflicts and took 2ms. 
22:26:38.471 6929 [main] INFO  NotificationService.start rapla.notification - NotificationServer Plugin started
22:26:38.472 6930 [main] INFO  NotificationService.start rapla.notification - scheduling command for NotificationSercice
22:26:38.717 7175 [main] INFO  Export2iCalConverter.<init> rapla - ExportAttendeesMailAttribute is not set. So do not export as meeting
22:26:40.185 8643 [main] INFO  StartupInfoLogger.logStarted o.r.s.s.RaplaSpringBootApplicationTest - Started RaplaSpringBootApplicationTest in 6.986 seconds (process running for 11.275)
22:26:45.124 13582 [main] INFO  StartupInfoLogger.logStarting o.r.s.s.ServerServiceIntegrationTest - Starting ServerServiceIntegrationTest using Java 21.0.11 with PID 260807 (started by chris in /home/chris/git/rapla/rapla-app)
22:26:45.125 13583 [main] INFO  SpringApplication.logStartupProfileInfo o.r.s.s.ServerServiceIntegrationTest - No active profile set, falling back to 1 default profile: "default"
22:26:45.737 14195 [main] INFO  RaplaBootstrapLogger.logViaSlf4j rapla - Logging via SLF4J API.
22:26:45.755 14213 [main] INFO  ServerServiceImpl.<init> rapla - Rapla.Version=2.1-SNAPSHOT
22:26:45.757 14215 [main] INFO  ServerServiceImpl.<init> rapla - Rapla.Build=2026-05-09 19:25 GMT+0
22:26:45.765 14223 [main] INFO  ServerServiceImpl.<init> rapla - Java.Version=21.0.11
22:26:45.766 14224 [main] INFO  FileOperator.connect rapla - Connecting: file:/tmp/junit-12467793029119649726/rapla-data.xml
22:26:45.913 14371 [main] INFO  ConflictFinder.<init> rapla - Conflict initialization found 0 conflicts and took 0ms. 
22:26:45.999 14457 [main] INFO  NotificationService.start rapla.notification - NotificationServer Plugin started
22:26:46.000 14458 [main] INFO  NotificationService.start rapla.notification - scheduling command for NotificationSercice
22:26:46.038 14496 [main] INFO  Export2iCalConverter.<init> rapla - ExportAttendeesMailAttribute is not set. So do not export as meeting
22:26:46.461 14919 [main] INFO  StartupInfoLogger.logStarted o.r.s.s.ServerServiceIntegrationTest - Started ServerServiceIntegrationTest in 1.416 seconds (process running for 17.551)
22:26:46.621 15079 [main] INFO  StartupInfoLogger.logStarting o.r.s.s.w.RemoteStorageErrorMappingIntegrationTest - Starting RemoteStorageErrorMappingIntegrationTest using Java 21.0.11 with PID 260807 (started by chris in /home/chris/git/rapla/rapla-app)
22:26:46.623 15081 [main] INFO  SpringApplication.logStartupProfileInfo o.r.s.s.w.RemoteStorageErrorMappingIntegrationTest - No active profile set, falling back to 1 default profile: "default"
22:26:47.214 15672 [main] INFO  RaplaBootstrapLogger.logViaSlf4j rapla - Logging via SLF4J API.
22:26:47.232 15690 [main] INFO  ServerServiceImpl.<init> rapla - Rapla.Version=2.1-SNAPSHOT
22:26:47.233 15691 [main] INFO  ServerServiceImpl.<init> rapla - Rapla.Build=2026-05-09 19:25 GMT+0
22:26:47.234 15692 [main] INFO  ServerServiceImpl.<init> rapla - Java.Version=21.0.11
22:26:47.234 15692 [main] INFO  FileOperator.connect rapla - Connecting: file:/tmp/junit-14184255732091251646/rapla-data.xml
22:26:47.342 15800 [main] INFO  ConflictFinder.<init> rapla - Conflict initialization found 0 conflicts and took 1ms. 
22:26:47.436 15894 [main] INFO  NotificationService.start rapla.notification - NotificationServer Plugin started
22:26:47.438 15896 [main] INFO  NotificationService.start rapla.notification - scheduling command for NotificationSercice
22:26:47.477 15935 [main] INFO  Export2iCalConverter.<init> rapla - ExportAttendeesMailAttribute is not set. So do not export as meeting
22:26:47.850 16308 [main] INFO  MockServletContext.log o.s.b.t.m.w.SpringBootMockServletContext - Initializing Spring TestDispatcherServlet ''
22:26:47.851 16309 [main] INFO  FrameworkServlet.initServletBean o.s.t.w.s.TestDispatcherServlet - Initializing Servlet ''
22:26:47.855 16313 [main] INFO  FrameworkServlet.initServletBean o.s.t.w.s.TestDispatcherServlet - Completed initialization in 3 ms
22:26:47.919 16377 [main] INFO  StartupInfoLogger.logStarted o.r.s.s.w.RemoteStorageErrorMappingIntegrationTest - Started RemoteStorageErrorMappingIntegrationTest in 1.39 seconds (process running for 19.009)
22:26:48.127 16585 [main] INFO  RaplaAuthentificationService.authenticate rapla.login - User 'homer' is requesting login.
22:26:48.128 16586 [main] INFO  RaplaAuthentificationService.authenticate rapla.login - Check password for homer
22:26:48.129 16587 [main] WARN  LocalAbstractCachableOperator.authenticate rapla - Login failed for homer
22:26:48.184 16642 [main] INFO  RaplaAuthentificationService.authenticate rapla.login - User 'homer' is requesting login.
22:26:48.185 16643 [main] INFO  RaplaAuthentificationService.authenticate rapla.login - Check password for homer
22:26:48.186 16644 [main] INFO  RaplaAuthentificationService.authenticate rapla.login - Successfull login for 'homer'
22:26:48.403 16861 [main] INFO  RaplaAuthentificationService.authenticate rapla.login - User 'homer' is requesting login.
22:26:48.404 16862 [main] INFO  RaplaAuthentificationService.authenticate rapla.login - Check password for homer
22:26:48.405 16863 [main] INFO  RaplaAuthentificationService.authenticate rapla.login - Successfull login for 'homer'
22:26:48.533 16991 [main] INFO  StartupInfoLogger.logStarting o.r.s.s.w.AuthControllerIntegrationTest - Starting AuthControllerIntegrationTest using Java 21.0.11 with PID 260807 (started by chris in /home/chris/git/rapla/rapla-app)
22:26:48.535 16993 [main] INFO  SpringApplication.logStartupProfileInfo o.r.s.s.w.AuthControllerIntegrationTest - No active profile set, falling back to 1 default profile: "default"
22:26:49.009 17467 [main] INFO  RaplaBootstrapLogger.logViaSlf4j rapla - Logging via SLF4J API.
22:26:49.027 17485 [main] INFO  ServerServiceImpl.<init> rapla - Rapla.Version=2.1-SNAPSHOT
22:26:49.028 17486 [main] INFO  ServerServiceImpl.<init> rapla - Rapla.Build=2026-05-09 19:25 GMT+0
22:26:49.030 17488 [main] INFO  ServerServiceImpl.<init> rapla - Java.Version=21.0.11
22:26:49.031 17489 [main] INFO  FileOperator.connect rapla - Connecting: file:/tmp/junit-13514725138827307702/rapla-data.xml
22:26:49.119 17577 [main] INFO  ConflictFinder.<init> rapla - Conflict initialization found 0 conflicts and took 0ms. 
22:26:49.228 17686 [main] INFO  NotificationService.start rapla.notification - NotificationServer Plugin started
22:26:49.230 17688 [main] INFO  NotificationService.start rapla.notification - scheduling command for NotificationSercice
22:26:49.269 17727 [main] INFO  Export2iCalConverter.<init> rapla - ExportAttendeesMailAttribute is not set. So do not export as meeting
22:26:49.552 18010 [main] INFO  MockServletContext.log o.s.b.t.m.w.SpringBootMockServletContext - Initializing Spring TestDispatcherServlet ''
22:26:49.553 18011 [main] INFO  FrameworkServlet.initServletBean o.s.t.w.s.TestDispatcherServlet - Initializing Servlet ''
22:26:49.557 18015 [main] INFO  FrameworkServlet.initServletBean o.s.t.w.s.TestDispatcherServlet - Completed initialization in 3 ms
22:26:49.603 18061 [main] INFO  StartupInfoLogger.logStarted o.r.s.s.w.AuthControllerIntegrationTest - Started AuthControllerIntegrationTest in 1.159 seconds (process running for 20.693)
22:26:49.623 18081 [main] INFO  RaplaAuthentificationService.authenticate rapla.login - User 'homer' is requesting login.
22:26:49.625 18083 [main] INFO  RaplaAuthentificationService.authenticate rapla.login - Check password for homer
22:26:49.626 18084 [main] INFO  RaplaAuthentificationService.authenticate rapla.login - Successfull login for 'homer'
22:26:49.759 18217 [main] INFO  RaplaAuthentificationService.authenticate rapla.login - User 'homer' is requesting login.
22:26:49.760 18218 [main] INFO  RaplaAuthentificationService.authenticate rapla.login - Check password for homer
22:26:49.761 18219 [main] INFO  RaplaAuthentificationService.authenticate rapla.login - Successfull login for 'homer'
22:26:49.785 18243 [main] INFO  RaplaAuthentificationService.authenticate rapla.login - User 'homer' is requesting login.
22:26:49.786 18244 [main] INFO  RaplaAuthentificationService.authenticate rapla.login - Check password for homer
22:26:49.787 18245 [main] INFO  RaplaAuthentificationService.authenticate rapla.login - Successfull login for 'homer'
22:26:49.886 18344 [main] INFO  StartupInfoLogger.logStarting o.r.s.s.w.RemoteLoggerControllerTest - Starting RemoteLoggerControllerTest using Java 21.0.11 with PID 260807 (started by chris in /home/chris/git/rapla/rapla-app)
22:26:49.886 18344 [main] INFO  SpringApplication.logStartupProfileInfo o.r.s.s.w.RemoteLoggerControllerTest - No active profile set, falling back to 1 default profile: "default"
22:26:50.370 18828 [main] INFO  RaplaBootstrapLogger.logViaSlf4j rapla - Logging via SLF4J API.
22:26:50.386 18844 [main] INFO  ServerServiceImpl.<init> rapla - Rapla.Version=2.1-SNAPSHOT
22:26:50.387 18845 [main] INFO  ServerServiceImpl.<init> rapla - Rapla.Build=2026-05-09 19:25 GMT+0
22:26:50.388 18846 [main] INFO  ServerServiceImpl.<init> rapla - Java.Version=21.0.11
22:26:50.389 18847 [main] INFO  FileOperator.connect rapla - Connecting: file:/home/chris/git/rapla/rapla-app/data/data.xml
22:26:50.434 18892 [main] INFO  ConflictFinder.<init> rapla - Conflict initialization found 0 conflicts and took 2ms. 
22:26:50.480 18938 [main] INFO  NotificationService.start rapla.notification - NotificationServer Plugin started
22:26:50.481 18939 [main] INFO  NotificationService.start rapla.notification - scheduling command for NotificationSercice
22:26:50.509 18967 [main] INFO  Export2iCalConverter.<init> rapla - ExportAttendeesMailAttribute is not set. So do not export as meeting
22:26:50.713 19171 [main] INFO  MockServletContext.log o.s.b.t.m.w.SpringBootMockServletContext - Initializing Spring TestDispatcherServlet ''
22:26:50.714 19172 [main] INFO  FrameworkServlet.initServletBean o.s.t.w.s.TestDispatcherServlet - Initializing Servlet ''
22:26:50.716 19174 [main] INFO  FrameworkServlet.initServletBean o.s.t.w.s.TestDispatcherServlet - Completed initialization in 2 ms
22:26:50.762 19220 [main] INFO  StartupInfoLogger.logStarted o.r.s.s.w.RemoteLoggerControllerTest - Started RemoteLoggerControllerTest in 0.928 seconds (process running for 21.852)
22:26:50.777 19235 [main] INFO  RemoteLoggerImpl.info rapla.some-client-id - hello from client
22:26:50.854 19312 [main] INFO  StartupInfoLogger.logStarting o.r.s.s.web.UrlPreservationTest - Starting UrlPreservationTest using Java 21.0.11 with PID 260807 (started by chris in /home/chris/git/rapla/rapla-app)
22:26:50.855 19313 [main] INFO  SpringApplication.logStartupProfileInfo o.r.s.s.web.UrlPreservationTest - No active profile set, falling back to 1 default profile: "default"
22:26:51.290 19748 [main] INFO  RaplaBootstrapLogger.logViaSlf4j rapla - Logging via SLF4J API.
22:26:51.307 19765 [main] INFO  ServerServiceImpl.<init> rapla - Rapla.Version=2.1-SNAPSHOT
22:26:51.308 19766 [main] INFO  ServerServiceImpl.<init> rapla - Rapla.Build=2026-05-09 19:25 GMT+0
22:26:51.309 19767 [main] INFO  ServerServiceImpl.<init> rapla - Java.Version=21.0.11
22:26:51.309 19767 [main] INFO  FileOperator.connect rapla - Connecting: file:/tmp/junit-308500916489152902/rapla-data.xml
22:26:51.379 19837 [main] INFO  ConflictFinder.<init> rapla - Conflict initialization found 0 conflicts and took 0ms. 
22:26:51.449 19907 [main] INFO  NotificationService.start rapla.notification - NotificationServer Plugin started
22:26:51.450 19908 [main] INFO  NotificationService.start rapla.notification - scheduling command for NotificationSercice
22:26:51.480 19938 [main] INFO  Export2iCalConverter.<init> rapla - ExportAttendeesMailAttribute is not set. So do not export as meeting
22:26:51.685 20143 [main] INFO  MockServletContext.log o.s.b.t.m.w.SpringBootMockServletContext - Initializing Spring TestDispatcherServlet ''
22:26:51.686 20144 [main] INFO  FrameworkServlet.initServletBean o.s.t.w.s.TestDispatcherServlet - Initializing Servlet ''
22:26:51.689 20147 [main] INFO  FrameworkServlet.initServletBean o.s.t.w.s.TestDispatcherServlet - Completed initialization in 2 ms
22:26:51.738 20196 [main] INFO  StartupInfoLogger.logStarted o.r.s.s.web.UrlPreservationTest - Started UrlPreservationTest in 0.939 seconds (process running for 22.828)
22:26:51.761 20219 [main] WARN  CalendarPageGenerator.write404 rapla.html.404 - 404 Calendar not found for 3f49044c-1469-4699-8a66-5f46ec6c0a41
22:26:51.786 20244 [main] WARN  Export2iCalServlet.generatePage rapla.ical.404 - The calendar 'x' you tried to retrieve is not published or available for the user homer.
22:26:51.796 20254 [main] WARN  CalendarPageGenerator.write404 rapla.html.404 - 404 Calendar not found for 3f49044c-1469-4699-8a66-5f46ec6c0a41
22:26:51.809 20267 [main] WARN  Export2iCalServlet.generatePage rapla.ical.404 - The calendar 'x' you tried to retrieve is not published or available for the user homer.
22:26:52.903 21361 [main] INFO  RaplaBootstrapLogger.logViaSlf4j rapla - Logging via SLF4J API.
22:26:53.255 21713 [main] INFO  RaplaBootstrapLogger.logViaSlf4j rapla - Logging via SLF4J API.
22:26:53.533 21991 [main] INFO  StartupInfoLogger.logStarting o.r.c.s.SwingClientStartIntegrationTest - Starting SwingClientStartIntegrationTest using Java 21.0.11 with PID 260807 (started by chris in /home/chris/git/rapla/rapla-app)
22:26:53.534 21992 [main] INFO  SpringApplication.logStartupProfileInfo o.r.c.s.SwingClientStartIntegrationTest - No active profile set, falling back to 1 default profile: "default"
22:26:54.008 22466 [main] INFO  TomcatWebServer.initialize o.s.boot.tomcat.TomcatWebServer - Tomcat initialized with port 0 (http)
22:26:54.036 22494 [main] INFO  DirectJDKLog.log o.a.coyote.http11.Http11NioProtocol - Initializing ProtocolHandler ["http-nio-auto-1"]
22:26:54.039 22497 [main] INFO  DirectJDKLog.log o.a.catalina.core.StandardService - Starting service [Tomcat]
22:26:54.040 22498 [main] INFO  DirectJDKLog.log o.a.catalina.core.StandardEngine - Starting Servlet engine: [Apache Tomcat/11.0.21]
22:26:54.120 22578 [main] INFO  WebApplicationContextInitializer.prepareWebApplicationContext o.s.b.w.c.s.WebApplicationContextInitializer - Root WebApplicationContext: initialization completed in 582 ms
22:26:54.128 22586 [main] INFO  RaplaBootstrapLogger.logViaSlf4j rapla - Logging via SLF4J API.
22:26:54.304 22762 [main] INFO  ServerServiceImpl.<init> rapla - Rapla.Version=2.1-SNAPSHOT
22:26:54.305 22763 [main] INFO  ServerServiceImpl.<init> rapla - Rapla.Build=2026-05-09 19:25 GMT+0
22:26:54.305 22763 [main] INFO  ServerServiceImpl.<init> rapla - Java.Version=21.0.11
22:26:54.306 22764 [main] INFO  FileOperator.connect rapla - Connecting: file:/tmp/junit-132049263718072763/rapla-data.xml
22:26:54.352 22810 [main] INFO  ConflictFinder.<init> rapla - Conflict initialization found 0 conflicts and took 0ms. 
22:26:54.425 22883 [main] INFO  NotificationService.start rapla.notification - NotificationServer Plugin started
22:26:54.427 22885 [main] INFO  NotificationService.start rapla.notification - scheduling command for NotificationSercice
22:26:54.474 22932 [main] INFO  Export2iCalConverter.<init> rapla - ExportAttendeesMailAttribute is not set. So do not export as meeting
22:26:54.718 23176 [main] INFO  DirectJDKLog.log o.a.coyote.http11.Http11NioProtocol - Starting ProtocolHandler ["http-nio-auto-1"]
22:26:54.763 23221 [main] INFO  TomcatWebServer.start o.s.boot.tomcat.TomcatWebServer - Tomcat started on port 44011 (http) with context path '/rapla'
22:26:54.771 23229 [main] INFO  StartupInfoLogger.logStarted o.r.c.s.SwingClientStartIntegrationTest - Started SwingClientStartIntegrationTest in 1.285 seconds (process running for 25.861)
22:26:54.982 23440 [main] INFO  RaplaBootstrapLogger.logViaSlf4j rapla - Logging via SLF4J API.
22:26:55.042 23500 [main] INFO  RaplaClientServiceImpl.<init> rapla - Rapla.Version=2.1-SNAPSHOT
22:26:55.043 23501 [main] INFO  RaplaClientServiceImpl.<init> rapla - Rapla.Build=2026-05-09 19:25 GMT+0
22:26:55.043 23501 [main] INFO  RaplaClientServiceImpl.<init> rapla - Java.Version=21.0.11
22:26:55.131 23589 [main] INFO  RaplaClientServiceImpl.initialize rapla - Starting gui 
22:26:55.132 23590 [main] INFO  RemoteOperator.connect rapla.remote - Connecting to server and starting login..
22:26:55.308 23766 [http-nio-auto-1-exec-1] INFO  DirectJDKLog.log o.a.c.c.C.[.[localhost].[/rapla] - Initializing Spring DispatcherServlet 'dispatcherServlet'
22:26:55.308 23766 [http-nio-auto-1-exec-1] INFO  FrameworkServlet.initServletBean o.s.web.servlet.DispatcherServlet - Initializing Servlet 'dispatcherServlet'
22:26:55.310 23768 [http-nio-auto-1-exec-1] INFO  FrameworkServlet.initServletBean o.s.web.servlet.DispatcherServlet - Completed initialization in 1 ms
22:26:55.327 23785 [http-nio-auto-1-exec-1] INFO  RaplaAuthentificationService.authenticate rapla.login - User 'homer' is requesting login.
22:26:55.328 23786 [http-nio-auto-1-exec-1] INFO  RaplaAuthentificationService.authenticate rapla.login - Check password for homer
22:26:55.328 23786 [http-nio-auto-1-exec-1] INFO  RaplaAuthentificationService.authenticate rapla.login - Successfull login for 'homer'
22:26:55.344 23802 [main] INFO  RemoteOperator.connect rapla.remote - login successfull
22:26:55.345 23803 [main] DEBUG RemoteOperator.loadData rapla.remote - Loading Data from server
22:26:55.444 23902 [main] DEBUG RemoteOperator.loadData rapla.remote - Data loaded
22:26:55.447 23905 [main] DEBUG RemoteOperator.loadData rapla.remote - Data flushed
22:26:55.449 23907 [main] INFO  ClientFacadeImpl.login rapla - Login homer
22:26:55.471 23929 [main] INFO  RaplaBootstrapLogger.logViaSlf4j rapla - Logging via SLF4J API.
22:26:55.638 24096 [main] INFO  StartupInfoLogger.logStarting o.r.c.s.HeadlessClientNameResolutionIntegrationTest - Starting HeadlessClientNameResolutionIntegrationTest using Java 21.0.11 with PID 260807 (started by chris in /home/chris/git/rapla/rapla-app)
22:26:55.639 24097 [main] INFO  SpringApplication.logStartupProfileInfo o.r.c.s.HeadlessClientNameResolutionIntegrationTest - No active profile set, falling back to 1 default profile: "default"
22:26:55.886 24344 [main] INFO  TomcatWebServer.initialize o.s.boot.tomcat.TomcatWebServer - Tomcat initialized with port 0 (http)
22:26:55.889 24347 [main] INFO  DirectJDKLog.log o.a.coyote.http11.Http11NioProtocol - Initializing ProtocolHandler ["http-nio-auto-2"]
22:26:55.891 24349 [main] INFO  DirectJDKLog.log o.a.catalina.core.StandardService - Starting service [Tomcat]
22:26:55.893 24351 [main] INFO  DirectJDKLog.log o.a.catalina.core.StandardEngine - Starting Servlet engine: [Apache Tomcat/11.0.21]
22:26:55.909 24367 [main] INFO  WebApplicationContextInitializer.prepareWebApplicationContext o.s.b.w.c.s.WebApplicationContextInitializer - Root WebApplicationContext: initialization completed in 266 ms
22:26:55.915 24373 [main] INFO  RaplaBootstrapLogger.logViaSlf4j rapla - Logging via SLF4J API.
22:26:56.093 24551 [main] INFO  ServerServiceImpl.<init> rapla - Rapla.Version=2.1-SNAPSHOT
22:26:56.095 24553 [main] INFO  ServerServiceImpl.<init> rapla - Rapla.Build=2026-05-09 19:25 GMT+0
22:26:56.095 24553 [main] INFO  ServerServiceImpl.<init> rapla - Java.Version=21.0.11
22:26:56.096 24554 [main] INFO  FileOperator.connect rapla - Connecting: file:/tmp/junit-8764029827233470306/rapla-data.xml
22:26:56.149 24607 [main] INFO  ConflictFinder.<init> rapla - Conflict initialization found 0 conflicts and took 0ms. 
22:26:56.195 24653 [main] INFO  NotificationService.start rapla.notification - NotificationServer Plugin started
22:26:56.196 24654 [main] INFO  NotificationService.start rapla.notification - scheduling command for NotificationSercice
22:26:56.228 24686 [main] INFO  Export2iCalConverter.<init> rapla - ExportAttendeesMailAttribute is not set. So do not export as meeting
22:26:56.416 24874 [main] INFO  DirectJDKLog.log o.a.coyote.http11.Http11NioProtocol - Starting ProtocolHandler ["http-nio-auto-2"]
22:26:56.420 24878 [main] INFO  TomcatWebServer.start o.s.boot.tomcat.TomcatWebServer - Tomcat started on port 41095 (http) with context path '/rapla'
22:26:56.424 24882 [main] INFO  StartupInfoLogger.logStarted o.r.c.s.HeadlessClientNameResolutionIntegrationTest - Started HeadlessClientNameResolutionIntegrationTest in 0.838 seconds (process running for 27.514)
22:26:56.652 25110 [main] INFO  RaplaBootstrapLogger.logViaSlf4j rapla - Logging via SLF4J API.
22:26:56.702 25160 [main] INFO  RaplaClientServiceImpl.<init> rapla - Rapla.Version=2.1-SNAPSHOT
22:26:56.702 25160 [main] INFO  RaplaClientServiceImpl.<init> rapla - Rapla.Build=2026-05-09 19:25 GMT+0
22:26:56.703 25161 [main] INFO  RaplaClientServiceImpl.<init> rapla - Java.Version=21.0.11
22:26:56.703 25161 [main] INFO  RaplaClientServiceImpl.initialize rapla - Starting gui 
22:26:56.704 25162 [main] INFO  RemoteOperator.connect rapla.remote - Connecting to server and starting login..
22:26:56.708 25166 [http-nio-auto-2-exec-1] INFO  DirectJDKLog.log o.a.c.c.C.[.[localhost].[/rapla] - Initializing Spring DispatcherServlet 'dispatcherServlet'
22:26:56.709 25167 [http-nio-auto-2-exec-1] INFO  FrameworkServlet.initServletBean o.s.web.servlet.DispatcherServlet - Initializing Servlet 'dispatcherServlet'
22:26:56.710 25168 [http-nio-auto-2-exec-1] INFO  FrameworkServlet.initServletBean o.s.web.servlet.DispatcherServlet - Completed initialization in 1 ms
22:26:56.714 25172 [http-nio-auto-2-exec-1] INFO  RaplaAuthentificationService.authenticate rapla.login - User 'homer' is requesting login.
22:26:56.715 25173 [http-nio-auto-2-exec-1] INFO  RaplaAuthentificationService.authenticate rapla.login - Check password for homer
22:26:56.716 25174 [http-nio-auto-2-exec-1] INFO  RaplaAuthentificationService.authenticate rapla.login - Successfull login for 'homer'
22:26:56.721 25179 [main] INFO  RemoteOperator.connect rapla.remote - login successfull
22:26:56.722 25180 [main] DEBUG RemoteOperator.loadData rapla.remote - Loading Data from server
22:26:56.795 25253 [main] DEBUG RemoteOperator.loadData rapla.remote - Data loaded
22:26:56.797 25255 [main] DEBUG RemoteOperator.loadData rapla.remote - Data flushed
22:26:56.798 25256 [main] INFO  ClientFacadeImpl.login rapla - Login homer
22:26:56.897 25355 [raplascheduler-54] DEBUG RemoteOperator.lambda$queryAppointments$14 rapla.remote - event server call took  45 ms
22:26:56.898 25356 [raplascheduler-54] DEBUG RemoteOperator.lambda$queryAppointments$14 rapla.remote - event post processing took  0 ms
22:26:57.180 25638 [SpringApplicationShutdownHook] INFO  GracefulShutdown.shutDownGracefully o.s.boot.tomcat.GracefulShutdown - Commencing graceful shutdown. Waiting for active requests to complete
22:26:57.186 25644 [tomcat-shutdown] INFO  GracefulShutdown.doShutdown o.s.boot.tomcat.GracefulShutdown - Graceful shutdown complete
22:26:57.263 25721 [SpringApplicationShutdownHook] INFO  GracefulShutdown.shutDownGracefully o.s.boot.tomcat.GracefulShutdown - Commencing graceful shutdown. Waiting for active requests to complete
22:26:57.266 25724 [tomcat-shutdown] INFO  GracefulShutdown.doShutdown o.s.boot.tomcat.GracefulShutdown - Graceful shutdown complete
22:28:23.985 2060 [main] INFO  StartupInfoLogger.logStarting o.r.s.s.RaplaSpringBootApplicationTest - Starting RaplaSpringBootApplicationTest using Java 21.0.11 with PID 261327 (started by chris in /home/chris/git/rapla/rapla-app)
22:28:23.999 2074 [main] INFO  SpringApplication.logStartupProfileInfo o.r.s.s.RaplaSpringBootApplicationTest - No active profile set, falling back to 1 default profile: "default"
22:28:27.128 5203 [main] INFO  RaplaBootstrapLogger.logViaSlf4j rapla - Logging via SLF4J API.
22:28:27.306 5381 [main] INFO  ServerServiceImpl.<init> rapla - Rapla.Version=2.1-SNAPSHOT
22:28:27.308 5383 [main] INFO  ServerServiceImpl.<init> rapla - Rapla.Build=2026-05-09 19:27 GMT+0
22:28:27.309 5384 [main] INFO  ServerServiceImpl.<init> rapla - Java.Version=21.0.11
22:28:27.311 5386 [main] INFO  FileOperator.connect rapla - Connecting: file:/tmp/junit-4179014311542699103/rapla-data.xml
22:28:30.862 8937 [main] INFO  ConflictFinder.<init> rapla - Conflict initialization found 0 conflicts and took 2ms. 
22:28:31.492 9567 [main] INFO  NotificationService.start rapla.notification - NotificationServer Plugin started
22:28:31.494 9569 [main] INFO  NotificationService.start rapla.notification - scheduling command for NotificationSercice
22:28:31.751 9826 [main] INFO  Export2iCalConverter.<init> rapla - ExportAttendeesMailAttribute is not set. So do not export as meeting
22:28:33.673 11748 [main] INFO  StartupInfoLogger.logStarted o.r.s.s.RaplaSpringBootApplicationTest - Started RaplaSpringBootApplicationTest in 10.459 seconds (process running for 14.469)
22:28:35.303 13378 [main] INFO  StartupInfoLogger.logStarting o.r.s.s.ServerServiceIntegrationTest - Starting ServerServiceIntegrationTest using Java 21.0.11 with PID 261327 (started by chris in /home/chris/git/rapla/rapla-app)
22:28:35.304 13379 [main] INFO  SpringApplication.logStartupProfileInfo o.r.s.s.ServerServiceIntegrationTest - No active profile set, falling back to 1 default profile: "default"
22:28:36.233 14308 [main] INFO  RaplaBootstrapLogger.logViaSlf4j rapla - Logging via SLF4J API.
22:28:36.295 14370 [main] INFO  ServerServiceImpl.<init> rapla - Rapla.Version=2.1-SNAPSHOT
22:28:36.297 14372 [main] INFO  ServerServiceImpl.<init> rapla - Rapla.Build=2026-05-09 19:27 GMT+0
22:28:36.299 14374 [main] INFO  ServerServiceImpl.<init> rapla - Java.Version=21.0.11
22:28:36.301 14376 [main] INFO  FileOperator.connect rapla - Connecting: file:/tmp/junit-3310312288369745698/rapla-data.xml
22:28:36.453 14528 [main] INFO  ConflictFinder.<init> rapla - Conflict initialization found 0 conflicts and took 1ms. 
22:28:36.610 14685 [main] INFO  NotificationService.start rapla.notification - NotificationServer Plugin started
22:28:36.611 14686 [main] INFO  NotificationService.start rapla.notification - scheduling command for NotificationSercice
22:28:36.692 14767 [main] INFO  Export2iCalConverter.<init> rapla - ExportAttendeesMailAttribute is not set. So do not export as meeting
22:28:37.269 15344 [main] INFO  StartupInfoLogger.logStarted o.r.s.s.ServerServiceIntegrationTest - Started ServerServiceIntegrationTest in 2.071 seconds (process running for 18.065)
22:28:37.461 15536 [main] INFO  StartupInfoLogger.logStarting o.r.s.s.w.RemoteStorageErrorMappingIntegrationTest - Starting RemoteStorageErrorMappingIntegrationTest using Java 21.0.11 with PID 261327 (started by chris in /home/chris/git/rapla/rapla-app)
22:28:37.463 15538 [main] INFO  SpringApplication.logStartupProfileInfo o.r.s.s.w.RemoteStorageErrorMappingIntegrationTest - No active profile set, falling back to 1 default profile: "default"
22:28:38.252 16327 [main] INFO  RaplaBootstrapLogger.logViaSlf4j rapla - Logging via SLF4J API.
22:28:38.271 16346 [main] INFO  ServerServiceImpl.<init> rapla - Rapla.Version=2.1-SNAPSHOT
22:28:38.272 16347 [main] INFO  ServerServiceImpl.<init> rapla - Rapla.Build=2026-05-09 19:27 GMT+0
22:28:38.272 16347 [main] INFO  ServerServiceImpl.<init> rapla - Java.Version=21.0.11
22:28:38.273 16348 [main] INFO  FileOperator.connect rapla - Connecting: file:/tmp/junit-11039874980955220926/rapla-data.xml
22:28:38.387 16462 [main] INFO  ConflictFinder.<init> rapla - Conflict initialization found 0 conflicts and took 0ms. 
22:28:38.575 16650 [main] INFO  NotificationService.start rapla.notification - NotificationServer Plugin started
22:28:38.577 16652 [main] INFO  NotificationService.start rapla.notification - scheduling command for NotificationSercice
22:28:38.645 16720 [main] INFO  Export2iCalConverter.<init> rapla - ExportAttendeesMailAttribute is not set. So do not export as meeting
22:28:39.106 17181 [main] INFO  MockServletContext.log o.s.b.t.m.w.SpringBootMockServletContext - Initializing Spring TestDispatcherServlet ''
22:28:39.108 17183 [main] INFO  FrameworkServlet.initServletBean o.s.t.w.s.TestDispatcherServlet - Initializing Servlet ''
22:28:39.112 17187 [main] INFO  FrameworkServlet.initServletBean o.s.t.w.s.TestDispatcherServlet - Completed initialization in 3 ms
22:28:39.187 17262 [main] INFO  StartupInfoLogger.logStarted o.r.s.s.w.RemoteStorageErrorMappingIntegrationTest - Started RemoteStorageErrorMappingIntegrationTest in 1.855 seconds (process running for 19.983)
22:28:39.453 17528 [main] INFO  RaplaAuthentificationService.authenticate rapla.login - User 'homer' is requesting login.
22:28:39.454 17529 [main] INFO  RaplaAuthentificationService.authenticate rapla.login - Check password for homer
22:28:39.455 17530 [main] WARN  LocalAbstractCachableOperator.authenticate rapla - Login failed for homer
22:28:39.525 17600 [main] INFO  RaplaAuthentificationService.authenticate rapla.login - User 'homer' is requesting login.
22:28:39.526 17601 [main] INFO  RaplaAuthentificationService.authenticate rapla.login - Check password for homer
22:28:39.527 17602 [main] INFO  RaplaAuthentificationService.authenticate rapla.login - Successfull login for 'homer'
22:28:39.723 17798 [main] INFO  RaplaAuthentificationService.authenticate rapla.login - User 'homer' is requesting login.
22:28:39.724 17799 [main] INFO  RaplaAuthentificationService.authenticate rapla.login - Check password for homer
22:28:39.724 17799 [main] INFO  RaplaAuthentificationService.authenticate rapla.login - Successfull login for 'homer'
22:28:39.816 17891 [main] INFO  StartupInfoLogger.logStarting o.r.s.s.w.AuthControllerIntegrationTest - Starting AuthControllerIntegrationTest using Java 21.0.11 with PID 261327 (started by chris in /home/chris/git/rapla/rapla-app)
22:28:39.817 17892 [main] INFO  SpringApplication.logStartupProfileInfo o.r.s.s.w.AuthControllerIntegrationTest - No active profile set, falling back to 1 default profile: "default"
22:28:40.256 18331 [main] INFO  RaplaBootstrapLogger.logViaSlf4j rapla - Logging via SLF4J API.
22:28:40.275 18350 [main] INFO  ServerServiceImpl.<init> rapla - Rapla.Version=2.1-SNAPSHOT
22:28:40.276 18351 [main] INFO  ServerServiceImpl.<init> rapla - Rapla.Build=2026-05-09 19:27 GMT+0
22:28:40.277 18352 [main] INFO  ServerServiceImpl.<init> rapla - Java.Version=21.0.11
22:28:40.277 18352 [main] INFO  FileOperator.connect rapla - Connecting: file:/tmp/junit-13283555717828325530/rapla-data.xml
22:28:40.348 18423 [main] INFO  ConflictFinder.<init> rapla - Conflict initialization found 0 conflicts and took 1ms. 
22:28:40.511 18586 [main] INFO  NotificationService.start rapla.notification - NotificationServer Plugin started
22:28:40.512 18587 [main] INFO  NotificationService.start rapla.notification - scheduling command for NotificationSercice
22:28:40.545 18620 [main] INFO  Export2iCalConverter.<init> rapla - ExportAttendeesMailAttribute is not set. So do not export as meeting
22:28:40.888 18963 [main] INFO  MockServletContext.log o.s.b.t.m.w.SpringBootMockServletContext - Initializing Spring TestDispatcherServlet ''
22:28:40.890 18965 [main] INFO  FrameworkServlet.initServletBean o.s.t.w.s.TestDispatcherServlet - Initializing Servlet ''
22:28:40.894 18969 [main] INFO  FrameworkServlet.initServletBean o.s.t.w.s.TestDispatcherServlet - Completed initialization in 3 ms
22:28:40.981 19056 [main] INFO  StartupInfoLogger.logStarted o.r.s.s.w.AuthControllerIntegrationTest - Started AuthControllerIntegrationTest in 1.227 seconds (process running for 21.777)
22:28:41.022 19097 [main] INFO  RaplaAuthentificationService.authenticate rapla.login - User 'homer' is requesting login.
22:28:41.024 19099 [main] INFO  RaplaAuthentificationService.authenticate rapla.login - Check password for homer
22:28:41.026 19101 [main] INFO  RaplaAuthentificationService.authenticate rapla.login - Successfull login for 'homer'
22:28:41.241 19316 [main] INFO  RaplaAuthentificationService.authenticate rapla.login - User 'homer' is requesting login.
22:28:41.242 19317 [main] INFO  RaplaAuthentificationService.authenticate rapla.login - Check password for homer
22:28:41.244 19319 [main] INFO  RaplaAuthentificationService.authenticate rapla.login - Successfull login for 'homer'
22:28:41.284 19359 [main] INFO  RaplaAuthentificationService.authenticate rapla.login - User 'homer' is requesting login.
22:28:41.286 19361 [main] INFO  RaplaAuthentificationService.authenticate rapla.login - Check password for homer
22:28:41.286 19361 [main] INFO  RaplaAuthentificationService.authenticate rapla.login - Successfull login for 'homer'
22:28:41.449 19524 [main] INFO  StartupInfoLogger.logStarting o.r.s.s.w.RemoteLoggerControllerTest - Starting RemoteLoggerControllerTest using Java 21.0.11 with PID 261327 (started by chris in /home/chris/git/rapla/rapla-app)
22:28:41.451 19526 [main] INFO  SpringApplication.logStartupProfileInfo o.r.s.s.w.RemoteLoggerControllerTest - No active profile set, falling back to 1 default profile: "default"
22:28:41.973 20048 [main] INFO  RaplaBootstrapLogger.logViaSlf4j rapla - Logging via SLF4J API.
22:28:41.987 20062 [main] INFO  ServerServiceImpl.<init> rapla - Rapla.Version=2.1-SNAPSHOT
22:28:41.989 20064 [main] INFO  ServerServiceImpl.<init> rapla - Rapla.Build=2026-05-09 19:27 GMT+0
22:28:41.989 20064 [main] INFO  ServerServiceImpl.<init> rapla - Java.Version=21.0.11
22:28:41.990 20065 [main] INFO  FileOperator.connect rapla - Connecting: file:/home/chris/git/rapla/rapla-app/data/data.xml
22:28:42.046 20121 [main] INFO  ConflictFinder.<init> rapla - Conflict initialization found 0 conflicts and took 1ms. 
22:28:42.113 20188 [main] INFO  NotificationService.start rapla.notification - NotificationServer Plugin started
22:28:42.114 20189 [main] INFO  NotificationService.start rapla.notification - scheduling command for NotificationSercice
22:28:42.148 20223 [main] INFO  Export2iCalConverter.<init> rapla - ExportAttendeesMailAttribute is not set. So do not export as meeting
22:28:42.465 20540 [main] INFO  MockServletContext.log o.s.b.t.m.w.SpringBootMockServletContext - Initializing Spring TestDispatcherServlet ''
22:28:42.465 20540 [main] INFO  FrameworkServlet.initServletBean o.s.t.w.s.TestDispatcherServlet - Initializing Servlet ''
22:28:42.468 20543 [main] INFO  FrameworkServlet.initServletBean o.s.t.w.s.TestDispatcherServlet - Completed initialization in 2 ms
22:28:42.525 20600 [main] INFO  StartupInfoLogger.logStarted o.r.s.s.w.RemoteLoggerControllerTest - Started RemoteLoggerControllerTest in 1.163 seconds (process running for 23.321)
22:28:42.539 20614 [main] INFO  RemoteLoggerImpl.info rapla.some-client-id - hello from client
22:28:42.647 20722 [main] INFO  StartupInfoLogger.logStarting o.r.s.s.web.UrlPreservationTest - Starting UrlPreservationTest using Java 21.0.11 with PID 261327 (started by chris in /home/chris/git/rapla/rapla-app)
22:28:42.648 20723 [main] INFO  SpringApplication.logStartupProfileInfo o.r.s.s.web.UrlPreservationTest - No active profile set, falling back to 1 default profile: "default"
22:28:43.237 21312 [main] INFO  RaplaBootstrapLogger.logViaSlf4j rapla - Logging via SLF4J API.
22:28:43.256 21331 [main] INFO  ServerServiceImpl.<init> rapla - Rapla.Version=2.1-SNAPSHOT
22:28:43.257 21332 [main] INFO  ServerServiceImpl.<init> rapla - Rapla.Build=2026-05-09 19:27 GMT+0
22:28:43.257 21332 [main] INFO  ServerServiceImpl.<init> rapla - Java.Version=21.0.11
22:28:43.258 21333 [main] INFO  FileOperator.connect rapla - Connecting: file:/tmp/junit-12605141930272015808/rapla-data.xml
22:28:43.337 21412 [main] INFO  ConflictFinder.<init> rapla - Conflict initialization found 0 conflicts and took 0ms. 
22:28:43.409 21484 [main] INFO  NotificationService.start rapla.notification - NotificationServer Plugin started
22:28:43.411 21486 [main] INFO  NotificationService.start rapla.notification - scheduling command for NotificationSercice
22:28:43.447 21522 [main] INFO  Export2iCalConverter.<init> rapla - ExportAttendeesMailAttribute is not set. So do not export as meeting
22:28:43.711 21786 [main] INFO  MockServletContext.log o.s.b.t.m.w.SpringBootMockServletContext - Initializing Spring TestDispatcherServlet ''
22:28:43.712 21787 [main] INFO  FrameworkServlet.initServletBean o.s.t.w.s.TestDispatcherServlet - Initializing Servlet ''
22:28:43.716 21791 [main] INFO  FrameworkServlet.initServletBean o.s.t.w.s.TestDispatcherServlet - Completed initialization in 3 ms
22:28:43.765 21840 [main] INFO  StartupInfoLogger.logStarted o.r.s.s.web.UrlPreservationTest - Started UrlPreservationTest in 1.196 seconds (process running for 24.561)
22:28:43.803 21878 [main] WARN  CalendarPageGenerator.write404 rapla.html.404 - 404 Calendar not found for 3f49044c-1469-4699-8a66-5f46ec6c0a41
22:28:43.837 21912 [main] WARN  Export2iCalServlet.generatePage rapla.ical.404 - The calendar 'x' you tried to retrieve is not published or available for the user homer.
22:28:43.846 21921 [main] WARN  CalendarPageGenerator.write404 rapla.html.404 - 404 Calendar not found for 3f49044c-1469-4699-8a66-5f46ec6c0a41
22:28:43.858 21933 [main] WARN  Export2iCalServlet.generatePage rapla.ical.404 - The calendar 'x' you tried to retrieve is not published or available for the user homer.
22:28:45.121 23196 [main] INFO  RaplaBootstrapLogger.logViaSlf4j rapla - Logging via SLF4J API.
22:28:45.495 23570 [main] INFO  RaplaBootstrapLogger.logViaSlf4j rapla - Logging via SLF4J API.
22:28:45.789 23864 [main] INFO  StartupInfoLogger.logStarting o.r.c.s.SwingClientStartIntegrationTest - Starting SwingClientStartIntegrationTest using Java 21.0.11 with PID 261327 (started by chris in /home/chris/git/rapla/rapla-app)
22:28:45.789 23864 [main] INFO  SpringApplication.logStartupProfileInfo o.r.c.s.SwingClientStartIntegrationTest - No active profile set, falling back to 1 default profile: "default"
22:28:46.266 24341 [main] INFO  TomcatWebServer.initialize o.s.boot.tomcat.TomcatWebServer - Tomcat initialized with port 0 (http)
22:28:46.293 24368 [main] INFO  DirectJDKLog.log o.a.coyote.http11.Http11NioProtocol - Initializing ProtocolHandler ["http-nio-auto-1"]
22:28:46.296 24371 [main] INFO  DirectJDKLog.log o.a.catalina.core.StandardService - Starting service [Tomcat]
22:28:46.297 24372 [main] INFO  DirectJDKLog.log o.a.catalina.core.StandardEngine - Starting Servlet engine: [Apache Tomcat/11.0.21]
22:28:46.375 24450 [main] INFO  WebApplicationContextInitializer.prepareWebApplicationContext o.s.b.w.c.s.WebApplicationContextInitializer - Root WebApplicationContext: initialization completed in 583 ms
22:28:46.385 24460 [main] INFO  RaplaBootstrapLogger.logViaSlf4j rapla - Logging via SLF4J API.
22:28:46.569 24644 [main] INFO  ServerServiceImpl.<init> rapla - Rapla.Version=2.1-SNAPSHOT
22:28:46.570 24645 [main] INFO  ServerServiceImpl.<init> rapla - Rapla.Build=2026-05-09 19:27 GMT+0
22:28:46.570 24645 [main] INFO  ServerServiceImpl.<init> rapla - Java.Version=21.0.11
22:28:46.571 24646 [main] INFO  FileOperator.connect rapla - Connecting: file:/tmp/junit-4114319559995716915/rapla-data.xml
22:28:46.630 24705 [main] INFO  ConflictFinder.<init> rapla - Conflict initialization found 0 conflicts and took 0ms. 
22:28:46.685 24760 [main] INFO  NotificationService.start rapla.notification - NotificationServer Plugin started
22:28:46.686 24761 [main] INFO  NotificationService.start rapla.notification - scheduling command for NotificationSercice
22:28:46.721 24796 [main] INFO  Export2iCalConverter.<init> rapla - ExportAttendeesMailAttribute is not set. So do not export as meeting
22:28:47.004 25079 [main] INFO  DirectJDKLog.log o.a.coyote.http11.Http11NioProtocol - Starting ProtocolHandler ["http-nio-auto-1"]
22:28:47.034 25109 [main] INFO  TomcatWebServer.start o.s.boot.tomcat.TomcatWebServer - Tomcat started on port 35529 (http) with context path '/rapla'
22:28:47.039 25114 [main] INFO  StartupInfoLogger.logStarted o.r.c.s.SwingClientStartIntegrationTest - Started SwingClientStartIntegrationTest in 1.301 seconds (process running for 27.835)
22:28:47.347 25422 [main] INFO  RaplaBootstrapLogger.logViaSlf4j rapla - Logging via SLF4J API.
22:28:47.409 25484 [main] INFO  RaplaClientServiceImpl.<init> rapla - Rapla.Version=2.1-SNAPSHOT
22:28:47.410 25485 [main] INFO  RaplaClientServiceImpl.<init> rapla - Rapla.Build=2026-05-09 19:27 GMT+0
22:28:47.411 25486 [main] INFO  RaplaClientServiceImpl.<init> rapla - Java.Version=21.0.11
22:28:47.504 25579 [main] INFO  RaplaClientServiceImpl.initialize rapla - Starting gui 
22:28:47.505 25580 [main] INFO  RemoteOperator.connect rapla.remote - Connecting to server and starting login..
22:28:47.710 25785 [http-nio-auto-1-exec-1] INFO  DirectJDKLog.log o.a.c.c.C.[.[localhost].[/rapla] - Initializing Spring DispatcherServlet 'dispatcherServlet'
22:28:47.711 25786 [http-nio-auto-1-exec-1] INFO  FrameworkServlet.initServletBean o.s.web.servlet.DispatcherServlet - Initializing Servlet 'dispatcherServlet'
22:28:47.712 25787 [http-nio-auto-1-exec-1] INFO  FrameworkServlet.initServletBean o.s.web.servlet.DispatcherServlet - Completed initialization in 1 ms
22:28:47.728 25803 [http-nio-auto-1-exec-1] INFO  RaplaAuthentificationService.authenticate rapla.login - User 'homer' is requesting login.
22:28:47.729 25804 [http-nio-auto-1-exec-1] INFO  RaplaAuthentificationService.authenticate rapla.login - Check password for homer
22:28:47.729 25804 [http-nio-auto-1-exec-1] INFO  RaplaAuthentificationService.authenticate rapla.login - Successfull login for 'homer'
22:28:47.748 25823 [main] INFO  RemoteOperator.connect rapla.remote - login successfull
22:28:47.748 25823 [main] DEBUG RemoteOperator.loadData rapla.remote - Loading Data from server
22:28:47.851 25926 [main] DEBUG RemoteOperator.loadData rapla.remote - Data loaded
22:28:47.854 25929 [main] DEBUG RemoteOperator.loadData rapla.remote - Data flushed
22:28:47.856 25931 [main] INFO  ClientFacadeImpl.login rapla - Login homer
22:28:47.876 25951 [main] INFO  RaplaBootstrapLogger.logViaSlf4j rapla - Logging via SLF4J API.
22:28:48.039 26114 [main] INFO  StartupInfoLogger.logStarting o.r.c.s.HeadlessClientNameResolutionIntegrationTest - Starting HeadlessClientNameResolutionIntegrationTest using Java 21.0.11 with PID 261327 (started by chris in /home/chris/git/rapla/rapla-app)
22:28:48.039 26114 [main] INFO  SpringApplication.logStartupProfileInfo o.r.c.s.HeadlessClientNameResolutionIntegrationTest - No active profile set, falling back to 1 default profile: "default"
22:28:48.265 26340 [main] INFO  TomcatWebServer.initialize o.s.boot.tomcat.TomcatWebServer - Tomcat initialized with port 0 (http)
22:28:48.267 26342 [main] INFO  DirectJDKLog.log o.a.coyote.http11.Http11NioProtocol - Initializing ProtocolHandler ["http-nio-auto-2"]
22:28:48.268 26343 [main] INFO  DirectJDKLog.log o.a.catalina.core.StandardService - Starting service [Tomcat]
22:28:48.269 26344 [main] INFO  DirectJDKLog.log o.a.catalina.core.StandardEngine - Starting Servlet engine: [Apache Tomcat/11.0.21]
22:28:48.284 26359 [main] INFO  WebApplicationContextInitializer.prepareWebApplicationContext o.s.b.w.c.s.WebApplicationContextInitializer - Root WebApplicationContext: initialization completed in 242 ms
22:28:48.292 26367 [main] INFO  RaplaBootstrapLogger.logViaSlf4j rapla - Logging via SLF4J API.
22:28:48.439 26514 [main] INFO  ServerServiceImpl.<init> rapla - Rapla.Version=2.1-SNAPSHOT
22:28:48.440 26515 [main] INFO  ServerServiceImpl.<init> rapla - Rapla.Build=2026-05-09 19:27 GMT+0
22:28:48.441 26516 [main] INFO  ServerServiceImpl.<init> rapla - Java.Version=21.0.11
22:28:48.441 26516 [main] INFO  FileOperator.connect rapla - Connecting: file:/tmp/junit-4941463993740275769/rapla-data.xml
22:28:48.515 26590 [main] INFO  ConflictFinder.<init> rapla - Conflict initialization found 0 conflicts and took 1ms. 
22:28:48.559 26634 [main] INFO  NotificationService.start rapla.notification - NotificationServer Plugin started
22:28:48.559 26634 [main] INFO  NotificationService.start rapla.notification - scheduling command for NotificationSercice
22:28:48.581 26656 [main] INFO  Export2iCalConverter.<init> rapla - ExportAttendeesMailAttribute is not set. So do not export as meeting
22:28:48.768 26843 [main] INFO  DirectJDKLog.log o.a.coyote.http11.Http11NioProtocol - Starting ProtocolHandler ["http-nio-auto-2"]
22:28:48.773 26848 [main] INFO  TomcatWebServer.start o.s.boot.tomcat.TomcatWebServer - Tomcat started on port 42545 (http) with context path '/rapla'
22:28:48.776 26851 [main] INFO  StartupInfoLogger.logStarted o.r.c.s.HeadlessClientNameResolutionIntegrationTest - Started HeadlessClientNameResolutionIntegrationTest in 0.785 seconds (process running for 29.572)
22:28:48.996 27071 [main] INFO  RaplaBootstrapLogger.logViaSlf4j rapla - Logging via SLF4J API.
22:28:49.051 27126 [main] INFO  RaplaClientServiceImpl.<init> rapla - Rapla.Version=2.1-SNAPSHOT
22:28:49.051 27126 [main] INFO  RaplaClientServiceImpl.<init> rapla - Rapla.Build=2026-05-09 19:27 GMT+0
22:28:49.052 27127 [main] INFO  RaplaClientServiceImpl.<init> rapla - Java.Version=21.0.11
22:28:49.052 27127 [main] INFO  RaplaClientServiceImpl.initialize rapla - Starting gui 
22:28:49.053 27128 [main] INFO  RemoteOperator.connect rapla.remote - Connecting to server and starting login..
22:28:49.057 27132 [http-nio-auto-2-exec-1] INFO  DirectJDKLog.log o.a.c.c.C.[.[localhost].[/rapla] - Initializing Spring DispatcherServlet 'dispatcherServlet'
22:28:49.057 27132 [http-nio-auto-2-exec-1] INFO  FrameworkServlet.initServletBean o.s.web.servlet.DispatcherServlet - Initializing Servlet 'dispatcherServlet'
22:28:49.059 27134 [http-nio-auto-2-exec-1] INFO  FrameworkServlet.initServletBean o.s.web.servlet.DispatcherServlet - Completed initialization in 1 ms
22:28:49.063 27138 [http-nio-auto-2-exec-1] INFO  RaplaAuthentificationService.authenticate rapla.login - User 'homer' is requesting login.
22:28:49.064 27139 [http-nio-auto-2-exec-1] INFO  RaplaAuthentificationService.authenticate rapla.login - Check password for homer
22:28:49.064 27139 [http-nio-auto-2-exec-1] INFO  RaplaAuthentificationService.authenticate rapla.login - Successfull login for 'homer'
22:28:49.071 27146 [main] INFO  RemoteOperator.connect rapla.remote - login successfull
22:28:49.071 27146 [main] DEBUG RemoteOperator.loadData rapla.remote - Loading Data from server
22:28:49.160 27235 [main] DEBUG RemoteOperator.loadData rapla.remote - Data loaded
22:28:49.161 27236 [main] DEBUG RemoteOperator.loadData rapla.remote - Data flushed
22:28:49.162 27237 [main] INFO  ClientFacadeImpl.login rapla - Login homer
22:28:49.232 27307 [raplascheduler-54] DEBUG RemoteOperator.lambda$queryAppointments$14 rapla.remote - event server call took  50 ms
22:28:49.233 27308 [raplascheduler-54] DEBUG RemoteOperator.lambda$queryAppointments$14 rapla.remote - event post processing took  0 ms
22:28:49.612 27687 [SpringApplicationShutdownHook] INFO  GracefulShutdown.shutDownGracefully o.s.boot.tomcat.GracefulShutdown - Commencing graceful shutdown. Waiting for active requests to complete
22:28:49.616 27691 [tomcat-shutdown] INFO  GracefulShutdown.doShutdown o.s.boot.tomcat.GracefulShutdown - Graceful shutdown complete
22:28:49.739 27814 [SpringApplicationShutdownHook] INFO  GracefulShutdown.shutDownGracefully o.s.boot.tomcat.GracefulShutdown - Commencing graceful shutdown. Waiting for active requests to complete
22:28:49.751 27826 [tomcat-shutdown] INFO  GracefulShutdown.doShutdown o.s.boot.tomcat.GracefulShutdown - Graceful shutdown complete
22:30:22.830 2178 [main] INFO  StartupInfoLogger.logStarting o.r.s.s.RaplaSpringBootApplicationTest - Starting RaplaSpringBootApplicationTest using Java 21.0.11 with PID 261857 (started by chris in /home/chris/git/rapla/rapla-app)
22:30:22.842 2190 [main] INFO  SpringApplication.logStartupProfileInfo o.r.s.s.RaplaSpringBootApplicationTest - No active profile set, falling back to 1 default profile: "default"
22:30:26.139 5487 [main] INFO  RaplaBootstrapLogger.logViaSlf4j rapla - Logging via SLF4J API.
22:30:26.320 5668 [main] INFO  ServerServiceImpl.<init> rapla - Rapla.Version=2.1-SNAPSHOT
22:30:26.322 5670 [main] INFO  ServerServiceImpl.<init> rapla - Rapla.Build=2026-05-09 19:29 GMT+0
22:30:26.329 5677 [main] INFO  ServerServiceImpl.<init> rapla - Java.Version=21.0.11
22:30:26.331 5679 [main] INFO  FileOperator.connect rapla - Connecting: file:/tmp/junit-1048937066876438459/rapla-data.xml
22:30:26.827 6175 [main] INFO  ConflictFinder.<init> rapla - Conflict initialization found 0 conflicts and took 2ms. 
22:30:27.379 6727 [main] INFO  NotificationService.start rapla.notification - NotificationServer Plugin started
22:30:27.381 6729 [main] INFO  NotificationService.start rapla.notification - scheduling command for NotificationSercice
22:30:27.626 6974 [main] INFO  Export2iCalConverter.<init> rapla - ExportAttendeesMailAttribute is not set. So do not export as meeting
22:30:29.167 8515 [main] INFO  StartupInfoLogger.logStarted o.r.s.s.RaplaSpringBootApplicationTest - Started RaplaSpringBootApplicationTest in 7.091 seconds (process running for 11.325)
22:30:30.797 10145 [main] INFO  StartupInfoLogger.logStarting o.r.s.s.ServerServiceIntegrationTest - Starting ServerServiceIntegrationTest using Java 21.0.11 with PID 261857 (started by chris in /home/chris/git/rapla/rapla-app)
22:30:30.799 10147 [main] INFO  SpringApplication.logStartupProfileInfo o.r.s.s.ServerServiceIntegrationTest - No active profile set, falling back to 1 default profile: "default"
22:30:31.404 10752 [main] INFO  RaplaBootstrapLogger.logViaSlf4j rapla - Logging via SLF4J API.
22:30:31.427 10775 [main] INFO  ServerServiceImpl.<init> rapla - Rapla.Version=2.1-SNAPSHOT
22:30:31.428 10776 [main] INFO  ServerServiceImpl.<init> rapla - Rapla.Build=2026-05-09 19:29 GMT+0
22:30:31.429 10777 [main] INFO  ServerServiceImpl.<init> rapla - Java.Version=21.0.11
22:30:31.430 10778 [main] INFO  FileOperator.connect rapla - Connecting: file:/tmp/junit-2761686909211799171/rapla-data.xml
22:30:31.536 10884 [main] INFO  ConflictFinder.<init> rapla - Conflict initialization found 0 conflicts and took 0ms. 
22:30:31.656 11004 [main] INFO  NotificationService.start rapla.notification - NotificationServer Plugin started
22:30:31.658 11006 [main] INFO  NotificationService.start rapla.notification - scheduling command for NotificationSercice
22:30:31.721 11069 [main] INFO  Export2iCalConverter.<init> rapla - ExportAttendeesMailAttribute is not set. So do not export as meeting
22:30:32.071 11419 [main] INFO  StartupInfoLogger.logStarted o.r.s.s.ServerServiceIntegrationTest - Started ServerServiceIntegrationTest in 1.386 seconds (process running for 14.229)
22:30:32.217 11565 [main] INFO  StartupInfoLogger.logStarting o.r.s.s.w.RemoteStorageErrorMappingIntegrationTest - Starting RemoteStorageErrorMappingIntegrationTest using Java 21.0.11 with PID 261857 (started by chris in /home/chris/git/rapla/rapla-app)
22:30:32.218 11566 [main] INFO  SpringApplication.logStartupProfileInfo o.r.s.s.w.RemoteStorageErrorMappingIntegrationTest - No active profile set, falling back to 1 default profile: "default"
22:30:32.837 12185 [main] INFO  RaplaBootstrapLogger.logViaSlf4j rapla - Logging via SLF4J API.
22:30:32.854 12202 [main] INFO  ServerServiceImpl.<init> rapla - Rapla.Version=2.1-SNAPSHOT
22:30:32.856 12204 [main] INFO  ServerServiceImpl.<init> rapla - Rapla.Build=2026-05-09 19:29 GMT+0
22:30:32.857 12205 [main] INFO  ServerServiceImpl.<init> rapla - Java.Version=21.0.11
22:30:32.858 12206 [main] INFO  FileOperator.connect rapla - Connecting: file:/tmp/junit-6510223948389538098/rapla-data.xml
22:30:32.936 12284 [main] INFO  ConflictFinder.<init> rapla - Conflict initialization found 0 conflicts and took 0ms. 
22:30:33.007 12355 [main] INFO  NotificationService.start rapla.notification - NotificationServer Plugin started
22:30:33.008 12356 [main] INFO  NotificationService.start rapla.notification - scheduling command for NotificationSercice
22:30:33.057 12405 [main] INFO  Export2iCalConverter.<init> rapla - ExportAttendeesMailAttribute is not set. So do not export as meeting
22:30:33.465 12813 [main] INFO  MockServletContext.log o.s.b.t.m.w.SpringBootMockServletContext - Initializing Spring TestDispatcherServlet ''
22:30:33.467 12815 [main] INFO  FrameworkServlet.initServletBean o.s.t.w.s.TestDispatcherServlet - Initializing Servlet ''
22:30:33.473 12821 [main] INFO  FrameworkServlet.initServletBean o.s.t.w.s.TestDispatcherServlet - Completed initialization in 6 ms
22:30:33.540 12888 [main] INFO  StartupInfoLogger.logStarted o.r.s.s.w.RemoteStorageErrorMappingIntegrationTest - Started RemoteStorageErrorMappingIntegrationTest in 1.411 seconds (process running for 15.698)
22:30:33.757 13105 [main] INFO  RaplaAuthentificationService.authenticate rapla.login - User 'homer' is requesting login.
22:30:33.758 13106 [main] INFO  RaplaAuthentificationService.authenticate rapla.login - Check password for homer
22:30:33.759 13107 [main] WARN  LocalAbstractCachableOperator.authenticate rapla - Login failed for homer
22:30:33.811 13159 [main] INFO  RaplaAuthentificationService.authenticate rapla.login - User 'homer' is requesting login.
22:30:33.811 13159 [main] INFO  RaplaAuthentificationService.authenticate rapla.login - Check password for homer
22:30:33.812 13160 [main] INFO  RaplaAuthentificationService.authenticate rapla.login - Successfull login for 'homer'
22:30:33.985 13333 [main] INFO  RaplaAuthentificationService.authenticate rapla.login - User 'homer' is requesting login.
22:30:33.986 13334 [main] INFO  RaplaAuthentificationService.authenticate rapla.login - Check password for homer
22:30:33.987 13335 [main] INFO  RaplaAuthentificationService.authenticate rapla.login - Successfull login for 'homer'
22:30:34.089 13437 [main] INFO  StartupInfoLogger.logStarting o.r.s.s.w.AuthControllerIntegrationTest - Starting AuthControllerIntegrationTest using Java 21.0.11 with PID 261857 (started by chris in /home/chris/git/rapla/rapla-app)
22:30:34.090 13438 [main] INFO  SpringApplication.logStartupProfileInfo o.r.s.s.w.AuthControllerIntegrationTest - No active profile set, falling back to 1 default profile: "default"
22:30:34.540 13888 [main] INFO  RaplaBootstrapLogger.logViaSlf4j rapla - Logging via SLF4J API.
22:30:34.557 13905 [main] INFO  ServerServiceImpl.<init> rapla - Rapla.Version=2.1-SNAPSHOT
22:30:34.558 13906 [main] INFO  ServerServiceImpl.<init> rapla - Rapla.Build=2026-05-09 19:29 GMT+0
22:30:34.558 13906 [main] INFO  ServerServiceImpl.<init> rapla - Java.Version=21.0.11
22:30:34.559 13907 [main] INFO  FileOperator.connect rapla - Connecting: file:/tmp/junit-16904477654170150667/rapla-data.xml
22:30:34.637 13985 [main] INFO  ConflictFinder.<init> rapla - Conflict initialization found 0 conflicts and took 0ms. 
22:30:34.709 14057 [main] INFO  NotificationService.start rapla.notification - NotificationServer Plugin started
22:30:34.711 14059 [main] INFO  NotificationService.start rapla.notification - scheduling command for NotificationSercice
22:30:34.745 14093 [main] INFO  Export2iCalConverter.<init> rapla - ExportAttendeesMailAttribute is not set. So do not export as meeting
22:30:35.048 14396 [main] INFO  MockServletContext.log o.s.b.t.m.w.SpringBootMockServletContext - Initializing Spring TestDispatcherServlet ''
22:30:35.050 14398 [main] INFO  FrameworkServlet.initServletBean o.s.t.w.s.TestDispatcherServlet - Initializing Servlet ''
22:30:35.055 14403 [main] INFO  FrameworkServlet.initServletBean o.s.t.w.s.TestDispatcherServlet - Completed initialization in 4 ms
22:30:35.103 14451 [main] INFO  StartupInfoLogger.logStarted o.r.s.s.w.AuthControllerIntegrationTest - Started AuthControllerIntegrationTest in 1.074 seconds (process running for 17.261)
22:30:35.124 14472 [main] INFO  RaplaAuthentificationService.authenticate rapla.login - User 'homer' is requesting login.
22:30:35.125 14473 [main] INFO  RaplaAuthentificationService.authenticate rapla.login - Check password for homer
22:30:35.125 14473 [main] INFO  RaplaAuthentificationService.authenticate rapla.login - Successfull login for 'homer'
22:30:35.257 14605 [main] INFO  RaplaAuthentificationService.authenticate rapla.login - User 'homer' is requesting login.
22:30:35.258 14606 [main] INFO  RaplaAuthentificationService.authenticate rapla.login - Check password for homer
22:30:35.259 14607 [main] INFO  RaplaAuthentificationService.authenticate rapla.login - Successfull login for 'homer'
22:30:35.284 14632 [main] INFO  RaplaAuthentificationService.authenticate rapla.login - User 'homer' is requesting login.
22:30:35.285 14633 [main] INFO  RaplaAuthentificationService.authenticate rapla.login - Check password for homer
22:30:35.286 14634 [main] INFO  RaplaAuthentificationService.authenticate rapla.login - Successfull login for 'homer'
22:30:35.382 14730 [main] INFO  StartupInfoLogger.logStarting o.r.s.s.w.RemoteLoggerControllerTest - Starting RemoteLoggerControllerTest using Java 21.0.11 with PID 261857 (started by chris in /home/chris/git/rapla/rapla-app)
22:30:35.383 14731 [main] INFO  SpringApplication.logStartupProfileInfo o.r.s.s.w.RemoteLoggerControllerTest - No active profile set, falling back to 1 default profile: "default"
22:30:35.866 15214 [main] INFO  RaplaBootstrapLogger.logViaSlf4j rapla - Logging via SLF4J API.
22:30:35.880 15228 [main] INFO  ServerServiceImpl.<init> rapla - Rapla.Version=2.1-SNAPSHOT
22:30:35.881 15229 [main] INFO  ServerServiceImpl.<init> rapla - Rapla.Build=2026-05-09 19:29 GMT+0
22:30:35.882 15230 [main] INFO  ServerServiceImpl.<init> rapla - Java.Version=21.0.11
22:30:35.882 15230 [main] INFO  FileOperator.connect rapla - Connecting: file:/home/chris/git/rapla/rapla-app/data/data.xml
22:30:35.945 15293 [main] INFO  ConflictFinder.<init> rapla - Conflict initialization found 0 conflicts and took 11ms. 
22:30:36.004 15352 [main] INFO  NotificationService.start rapla.notification - NotificationServer Plugin started
22:30:36.005 15353 [main] INFO  NotificationService.start rapla.notification - scheduling command for NotificationSercice
22:30:36.040 15388 [main] INFO  Export2iCalConverter.<init> rapla - ExportAttendeesMailAttribute is not set. So do not export as meeting
22:30:36.280 15628 [main] INFO  MockServletContext.log o.s.b.t.m.w.SpringBootMockServletContext - Initializing Spring TestDispatcherServlet ''
22:30:36.281 15629 [main] INFO  FrameworkServlet.initServletBean o.s.t.w.s.TestDispatcherServlet - Initializing Servlet ''
22:30:36.284 15632 [main] INFO  FrameworkServlet.initServletBean o.s.t.w.s.TestDispatcherServlet - Completed initialization in 2 ms
22:30:36.323 15671 [main] INFO  StartupInfoLogger.logStarted o.r.s.s.w.RemoteLoggerControllerTest - Started RemoteLoggerControllerTest in 0.993 seconds (process running for 18.481)
22:30:36.335 15683 [main] INFO  RemoteLoggerImpl.info rapla.some-client-id - hello from client
22:30:36.436 15784 [main] INFO  StartupInfoLogger.logStarting o.r.s.s.web.UrlPreservationTest - Starting UrlPreservationTest using Java 21.0.11 with PID 261857 (started by chris in /home/chris/git/rapla/rapla-app)
22:30:36.437 15785 [main] INFO  SpringApplication.logStartupProfileInfo o.r.s.s.web.UrlPreservationTest - No active profile set, falling back to 1 default profile: "default"
22:30:36.875 16223 [main] INFO  RaplaBootstrapLogger.logViaSlf4j rapla - Logging via SLF4J API.
22:30:36.889 16237 [main] INFO  ServerServiceImpl.<init> rapla - Rapla.Version=2.1-SNAPSHOT
22:30:36.890 16238 [main] INFO  ServerServiceImpl.<init> rapla - Rapla.Build=2026-05-09 19:29 GMT+0
22:30:36.891 16239 [main] INFO  ServerServiceImpl.<init> rapla - Java.Version=21.0.11
22:30:36.892 16240 [main] INFO  FileOperator.connect rapla - Connecting: file:/tmp/junit-340235036254383434/rapla-data.xml
22:30:36.962 16310 [main] INFO  ConflictFinder.<init> rapla - Conflict initialization found 0 conflicts and took 1ms. 
22:30:37.044 16392 [main] INFO  NotificationService.start rapla.notification - NotificationServer Plugin started
22:30:37.045 16393 [main] INFO  NotificationService.start rapla.notification - scheduling command for NotificationSercice
22:30:37.070 16418 [main] INFO  Export2iCalConverter.<init> rapla - ExportAttendeesMailAttribute is not set. So do not export as meeting
22:30:37.293 16641 [main] INFO  MockServletContext.log o.s.b.t.m.w.SpringBootMockServletContext - Initializing Spring TestDispatcherServlet ''
22:30:37.294 16642 [main] INFO  FrameworkServlet.initServletBean o.s.t.w.s.TestDispatcherServlet - Initializing Servlet ''
22:30:37.297 16645 [main] INFO  FrameworkServlet.initServletBean o.s.t.w.s.TestDispatcherServlet - Completed initialization in 2 ms
22:30:37.342 16690 [main] INFO  StartupInfoLogger.logStarted o.r.s.s.web.UrlPreservationTest - Started UrlPreservationTest in 0.984 seconds (process running for 19.5)
22:30:37.367 16715 [main] WARN  CalendarPageGenerator.write404 rapla.html.404 - 404 Calendar not found for 3f49044c-1469-4699-8a66-5f46ec6c0a41
22:30:37.399 16747 [main] WARN  Export2iCalServlet.generatePage rapla.ical.404 - The calendar 'x' you tried to retrieve is not published or available for the user homer.
22:30:37.408 16756 [main] WARN  CalendarPageGenerator.write404 rapla.html.404 - 404 Calendar not found for 3f49044c-1469-4699-8a66-5f46ec6c0a41
22:30:37.419 16767 [main] WARN  Export2iCalServlet.generatePage rapla.ical.404 - The calendar 'x' you tried to retrieve is not published or available for the user homer.
22:30:38.501 17849 [main] INFO  RaplaBootstrapLogger.logViaSlf4j rapla - Logging via SLF4J API.
22:30:38.917 18265 [main] INFO  RaplaBootstrapLogger.logViaSlf4j rapla - Logging via SLF4J API.
22:30:39.228 18576 [main] INFO  StartupInfoLogger.logStarting o.r.c.s.SwingClientStartIntegrationTest - Starting SwingClientStartIntegrationTest using Java 21.0.11 with PID 261857 (started by chris in /home/chris/git/rapla/rapla-app)
22:30:39.229 18577 [main] INFO  SpringApplication.logStartupProfileInfo o.r.c.s.SwingClientStartIntegrationTest - No active profile set, falling back to 1 default profile: "default"
22:30:39.710 19058 [main] INFO  TomcatWebServer.initialize o.s.boot.tomcat.TomcatWebServer - Tomcat initialized with port 0 (http)
22:30:39.743 19091 [main] INFO  DirectJDKLog.log o.a.coyote.http11.Http11NioProtocol - Initializing ProtocolHandler ["http-nio-auto-1"]
22:30:39.746 19094 [main] INFO  DirectJDKLog.log o.a.catalina.core.StandardService - Starting service [Tomcat]
22:30:39.747 19095 [main] INFO  DirectJDKLog.log o.a.catalina.core.StandardEngine - Starting Servlet engine: [Apache Tomcat/11.0.21]
22:30:39.813 19161 [main] INFO  WebApplicationContextInitializer.prepareWebApplicationContext o.s.b.w.c.s.WebApplicationContextInitializer - Root WebApplicationContext: initialization completed in 581 ms
22:30:39.821 19169 [main] INFO  RaplaBootstrapLogger.logViaSlf4j rapla - Logging via SLF4J API.
22:30:39.990 19338 [main] INFO  ServerServiceImpl.<init> rapla - Rapla.Version=2.1-SNAPSHOT
22:30:39.991 19339 [main] INFO  ServerServiceImpl.<init> rapla - Rapla.Build=2026-05-09 19:29 GMT+0
22:30:39.992 19340 [main] INFO  ServerServiceImpl.<init> rapla - Java.Version=21.0.11
22:30:39.992 19340 [main] INFO  FileOperator.connect rapla - Connecting: file:/tmp/junit-9203912513875105975/rapla-data.xml
22:30:40.056 19404 [main] INFO  ConflictFinder.<init> rapla - Conflict initialization found 0 conflicts and took 0ms. 
22:30:40.098 19446 [main] INFO  NotificationService.start rapla.notification - NotificationServer Plugin started
22:30:40.099 19447 [main] INFO  NotificationService.start rapla.notification - scheduling command for NotificationSercice
22:30:40.119 19467 [main] INFO  Export2iCalConverter.<init> rapla - ExportAttendeesMailAttribute is not set. So do not export as meeting
22:30:40.311 19659 [main] INFO  DirectJDKLog.log o.a.coyote.http11.Http11NioProtocol - Starting ProtocolHandler ["http-nio-auto-1"]
22:30:40.345 19693 [main] INFO  TomcatWebServer.start o.s.boot.tomcat.TomcatWebServer - Tomcat started on port 36133 (http) with context path '/rapla'
22:30:40.350 19698 [main] INFO  StartupInfoLogger.logStarted o.r.c.s.SwingClientStartIntegrationTest - Started SwingClientStartIntegrationTest in 1.169 seconds (process running for 22.507)
22:30:40.594 19942 [main] INFO  RaplaBootstrapLogger.logViaSlf4j rapla - Logging via SLF4J API.
22:30:40.729 20077 [main] INFO  RaplaClientServiceImpl.<init> rapla - Rapla.Version=2.1-SNAPSHOT
22:30:40.730 20078 [main] INFO  RaplaClientServiceImpl.<init> rapla - Rapla.Build=2026-05-09 19:29 GMT+0
22:30:40.731 20079 [main] INFO  RaplaClientServiceImpl.<init> rapla - Java.Version=21.0.11
22:30:40.824 20172 [main] INFO  RaplaClientServiceImpl.initialize rapla - Starting gui 
22:30:40.826 20174 [main] INFO  RemoteOperator.connect rapla.remote - Connecting to server and starting login..
22:30:40.996 20344 [http-nio-auto-1-exec-1] INFO  DirectJDKLog.log o.a.c.c.C.[.[localhost].[/rapla] - Initializing Spring DispatcherServlet 'dispatcherServlet'
22:30:40.996 20344 [http-nio-auto-1-exec-1] INFO  FrameworkServlet.initServletBean o.s.web.servlet.DispatcherServlet - Initializing Servlet 'dispatcherServlet'
22:30:40.998 20346 [http-nio-auto-1-exec-1] INFO  FrameworkServlet.initServletBean o.s.web.servlet.DispatcherServlet - Completed initialization in 2 ms
22:30:41.012 20360 [http-nio-auto-1-exec-1] INFO  RaplaAuthentificationService.authenticate rapla.login - User 'homer' is requesting login.
22:30:41.013 20361 [http-nio-auto-1-exec-1] INFO  RaplaAuthentificationService.authenticate rapla.login - Check password for homer
22:30:41.013 20361 [http-nio-auto-1-exec-1] INFO  RaplaAuthentificationService.authenticate rapla.login - Successfull login for 'homer'
22:30:41.032 20380 [main] INFO  RemoteOperator.connect rapla.remote - login successfull
22:30:41.032 20380 [main] DEBUG RemoteOperator.loadData rapla.remote - Loading Data from server
22:30:41.133 20481 [main] DEBUG RemoteOperator.loadData rapla.remote - Data loaded
22:30:41.136 20484 [main] DEBUG RemoteOperator.loadData rapla.remote - Data flushed
22:30:41.137 20485 [main] INFO  ClientFacadeImpl.login rapla - Login homer
22:30:41.158 20506 [main] INFO  RaplaBootstrapLogger.logViaSlf4j rapla - Logging via SLF4J API.
22:30:41.333 20681 [main] INFO  StartupInfoLogger.logStarting o.r.c.s.HeadlessClientNameResolutionIntegrationTest - Starting HeadlessClientNameResolutionIntegrationTest using Java 21.0.11 with PID 261857 (started by chris in /home/chris/git/rapla/rapla-app)
22:30:41.335 20683 [main] INFO  SpringApplication.logStartupProfileInfo o.r.c.s.HeadlessClientNameResolutionIntegrationTest - No active profile set, falling back to 1 default profile: "default"
22:30:41.570 20918 [main] INFO  TomcatWebServer.initialize o.s.boot.tomcat.TomcatWebServer - Tomcat initialized with port 0 (http)
22:30:41.572 20920 [main] INFO  DirectJDKLog.log o.a.coyote.http11.Http11NioProtocol - Initializing ProtocolHandler ["http-nio-auto-2"]
22:30:41.573 20921 [main] INFO  DirectJDKLog.log o.a.catalina.core.StandardService - Starting service [Tomcat]
22:30:41.574 20922 [main] INFO  DirectJDKLog.log o.a.catalina.core.StandardEngine - Starting Servlet engine: [Apache Tomcat/11.0.21]
22:30:41.590 20938 [main] INFO  WebApplicationContextInitializer.prepareWebApplicationContext o.s.b.w.c.s.WebApplicationContextInitializer - Root WebApplicationContext: initialization completed in 252 ms
22:30:41.599 20947 [main] INFO  RaplaBootstrapLogger.logViaSlf4j rapla - Logging via SLF4J API.
22:30:41.739 21087 [main] INFO  ServerServiceImpl.<init> rapla - Rapla.Version=2.1-SNAPSHOT
22:30:41.740 21088 [main] INFO  ServerServiceImpl.<init> rapla - Rapla.Build=2026-05-09 19:29 GMT+0
22:30:41.741 21089 [main] INFO  ServerServiceImpl.<init> rapla - Java.Version=21.0.11
22:30:41.741 21089 [main] INFO  FileOperator.connect rapla - Connecting: file:/tmp/junit-1130735424389899500/rapla-data.xml
22:30:41.804 21152 [main] INFO  ConflictFinder.<init> rapla - Conflict initialization found 0 conflicts and took 0ms. 
22:30:41.851 21199 [main] INFO  NotificationService.start rapla.notification - NotificationServer Plugin started
22:30:41.852 21200 [main] INFO  NotificationService.start rapla.notification - scheduling command for NotificationSercice
22:30:41.884 21232 [main] INFO  Export2iCalConverter.<init> rapla - ExportAttendeesMailAttribute is not set. So do not export as meeting
22:30:42.068 21416 [main] INFO  DirectJDKLog.log o.a.coyote.http11.Http11NioProtocol - Starting ProtocolHandler ["http-nio-auto-2"]
22:30:42.072 21420 [main] INFO  TomcatWebServer.start o.s.boot.tomcat.TomcatWebServer - Tomcat started on port 43769 (http) with context path '/rapla'
22:30:42.076 21424 [main] INFO  StartupInfoLogger.logStarted o.r.c.s.HeadlessClientNameResolutionIntegrationTest - Started HeadlessClientNameResolutionIntegrationTest in 0.797 seconds (process running for 24.234)
22:30:42.279 21627 [main] INFO  RaplaBootstrapLogger.logViaSlf4j rapla - Logging via SLF4J API.
22:30:42.331 21679 [main] INFO  RaplaClientServiceImpl.<init> rapla - Rapla.Version=2.1-SNAPSHOT
22:30:42.332 21680 [main] INFO  RaplaClientServiceImpl.<init> rapla - Rapla.Build=2026-05-09 19:29 GMT+0
22:30:42.332 21680 [main] INFO  RaplaClientServiceImpl.<init> rapla - Java.Version=21.0.11
22:30:42.333 21681 [main] INFO  RaplaClientServiceImpl.initialize rapla - Starting gui 
22:30:42.334 21682 [main] INFO  RemoteOperator.connect rapla.remote - Connecting to server and starting login..
22:30:42.345 21693 [http-nio-auto-2-exec-1] INFO  DirectJDKLog.log o.a.c.c.C.[.[localhost].[/rapla] - Initializing Spring DispatcherServlet 'dispatcherServlet'
22:30:42.345 21693 [http-nio-auto-2-exec-1] INFO  FrameworkServlet.initServletBean o.s.web.servlet.DispatcherServlet - Initializing Servlet 'dispatcherServlet'
22:30:42.347 21695 [http-nio-auto-2-exec-1] INFO  FrameworkServlet.initServletBean o.s.web.servlet.DispatcherServlet - Completed initialization in 1 ms
22:30:42.351 21699 [http-nio-auto-2-exec-1] INFO  RaplaAuthentificationService.authenticate rapla.login - User 'homer' is requesting login.
22:30:42.352 21700 [http-nio-auto-2-exec-1] INFO  RaplaAuthentificationService.authenticate rapla.login - Check password for homer
22:30:42.352 21700 [http-nio-auto-2-exec-1] INFO  RaplaAuthentificationService.authenticate rapla.login - Successfull login for 'homer'
22:30:42.358 21706 [main] INFO  RemoteOperator.connect rapla.remote - login successfull
22:30:42.358 21706 [main] DEBUG RemoteOperator.loadData rapla.remote - Loading Data from server
22:30:42.429 21777 [main] DEBUG RemoteOperator.loadData rapla.remote - Data loaded
22:30:42.431 21779 [main] DEBUG RemoteOperator.loadData rapla.remote - Data flushed
22:30:42.432 21780 [main] INFO  ClientFacadeImpl.login rapla - Login homer
22:30:42.485 21833 [raplascheduler-56] DEBUG RemoteOperator.lambda$queryAppointments$14 rapla.remote - event server call took  37 ms
22:30:42.486 21834 [raplascheduler-56] DEBUG RemoteOperator.lambda$queryAppointments$14 rapla.remote - event post processing took  0 ms
22:30:42.748 22096 [SpringApplicationShutdownHook] INFO  GracefulShutdown.shutDownGracefully o.s.boot.tomcat.GracefulShutdown - Commencing graceful shutdown. Waiting for active requests to complete
22:30:42.753 22101 [tomcat-shutdown] INFO  GracefulShutdown.doShutdown o.s.boot.tomcat.GracefulShutdown - Graceful shutdown complete
22:30:42.850 22198 [SpringApplicationShutdownHook] INFO  GracefulShutdown.shutDownGracefully o.s.boot.tomcat.GracefulShutdown - Commencing graceful shutdown. Waiting for active requests to complete
22:30:42.853 22201 [tomcat-shutdown] INFO  GracefulShutdown.doShutdown o.s.boot.tomcat.GracefulShutdown - Graceful shutdown complete
22:35:23.264 2424 [main] INFO  StartupInfoLogger.logStarting o.r.s.s.RaplaSpringBootApplicationTest - Starting RaplaSpringBootApplicationTest using Java 21.0.11 with PID 264737 (started by chris in /home/chris/git/rapla/rapla-app)
22:35:23.280 2440 [main] INFO  SpringApplication.logStartupProfileInfo o.r.s.s.RaplaSpringBootApplicationTest - No active profile set, falling back to 1 default profile: "default"
22:35:27.140 6300 [main] INFO  RaplaBootstrapLogger.logViaSlf4j rapla - Logging via SLF4J API.
22:35:27.420 6580 [main] INFO  ServerServiceImpl.<init> rapla - Rapla.Version=2.1-SNAPSHOT
22:35:27.423 6583 [main] INFO  ServerServiceImpl.<init> rapla - Rapla.Build=2026-05-09 19:34 GMT+0
22:35:27.425 6585 [main] INFO  ServerServiceImpl.<init> rapla - Java.Version=21.0.11
22:35:27.428 6588 [main] INFO  FileOperator.connect rapla - Connecting: file:/tmp/junit-10220010103610350443/rapla-data.xml
22:35:28.047 7207 [main] INFO  ConflictFinder.<init> rapla - Conflict initialization found 0 conflicts and took 3ms. 
22:35:28.716 7876 [main] INFO  NotificationService.start rapla.notification - NotificationServer Plugin started
22:35:28.717 7877 [main] INFO  NotificationService.start rapla.notification - scheduling command for NotificationSercice
22:35:29.016 8176 [main] INFO  Export2iCalConverter.<init> rapla - ExportAttendeesMailAttribute is not set. So do not export as meeting
22:35:30.825 9985 [main] INFO  StartupInfoLogger.logStarted o.r.s.s.RaplaSpringBootApplicationTest - Started RaplaSpringBootApplicationTest in 8.39 seconds (process running for 13.526)
22:35:32.655 11815 [main] INFO  StartupInfoLogger.logStarting o.r.s.s.ServerServiceIntegrationTest - Starting ServerServiceIntegrationTest using Java 21.0.11 with PID 264737 (started by chris in /home/chris/git/rapla/rapla-app)
22:35:32.657 11817 [main] INFO  SpringApplication.logStartupProfileInfo o.r.s.s.ServerServiceIntegrationTest - No active profile set, falling back to 1 default profile: "default"
22:35:33.367 12527 [main] INFO  RaplaBootstrapLogger.logViaSlf4j rapla - Logging via SLF4J API.
22:35:33.389 12549 [main] INFO  ServerServiceImpl.<init> rapla - Rapla.Version=2.1-SNAPSHOT
22:35:33.390 12550 [main] INFO  ServerServiceImpl.<init> rapla - Rapla.Build=2026-05-09 19:34 GMT+0
22:35:33.391 12551 [main] INFO  ServerServiceImpl.<init> rapla - Java.Version=21.0.11
22:35:33.392 12552 [main] INFO  FileOperator.connect rapla - Connecting: file:/tmp/junit-14161185571998548319/rapla-data.xml
22:35:33.508 12668 [main] INFO  ConflictFinder.<init> rapla - Conflict initialization found 0 conflicts and took 0ms. 
22:35:33.632 12792 [main] INFO  NotificationService.start rapla.notification - NotificationServer Plugin started
22:35:33.633 12793 [main] INFO  NotificationService.start rapla.notification - scheduling command for NotificationSercice
22:35:33.687 12847 [main] INFO  Export2iCalConverter.<init> rapla - ExportAttendeesMailAttribute is not set. So do not export as meeting
22:35:34.204 13364 [main] INFO  StartupInfoLogger.logStarted o.r.s.s.ServerServiceIntegrationTest - Started ServerServiceIntegrationTest in 1.641 seconds (process running for 16.905)
22:35:34.404 13564 [main] INFO  StartupInfoLogger.logStarting o.r.s.s.w.RemoteStorageErrorMappingIntegrationTest - Starting RemoteStorageErrorMappingIntegrationTest using Java 21.0.11 with PID 264737 (started by chris in /home/chris/git/rapla/rapla-app)
22:35:34.405 13565 [main] INFO  SpringApplication.logStartupProfileInfo o.r.s.s.w.RemoteStorageErrorMappingIntegrationTest - No active profile set, falling back to 1 default profile: "default"
22:35:35.074 14234 [main] INFO  RaplaBootstrapLogger.logViaSlf4j rapla - Logging via SLF4J API.
22:35:35.095 14255 [main] INFO  ServerServiceImpl.<init> rapla - Rapla.Version=2.1-SNAPSHOT
22:35:35.097 14257 [main] INFO  ServerServiceImpl.<init> rapla - Rapla.Build=2026-05-09 19:34 GMT+0
22:35:35.099 14259 [main] INFO  ServerServiceImpl.<init> rapla - Java.Version=21.0.11
22:35:35.100 14260 [main] INFO  FileOperator.connect rapla - Connecting: file:/tmp/junit-14548304324369893391/rapla-data.xml
22:35:35.207 14367 [main] INFO  ConflictFinder.<init> rapla - Conflict initialization found 0 conflicts and took 0ms. 
22:35:35.308 14468 [main] INFO  NotificationService.start rapla.notification - NotificationServer Plugin started
22:35:35.309 14469 [main] INFO  NotificationService.start rapla.notification - scheduling command for NotificationSercice
22:35:35.365 14525 [main] INFO  Export2iCalConverter.<init> rapla - ExportAttendeesMailAttribute is not set. So do not export as meeting
22:35:35.726 14886 [main] INFO  MockServletContext.log o.s.b.t.m.w.SpringBootMockServletContext - Initializing Spring TestDispatcherServlet ''
22:35:35.728 14888 [main] INFO  FrameworkServlet.initServletBean o.s.t.w.s.TestDispatcherServlet - Initializing Servlet ''
22:35:35.731 14891 [main] INFO  FrameworkServlet.initServletBean o.s.t.w.s.TestDispatcherServlet - Completed initialization in 3 ms
22:35:35.808 14968 [main] INFO  StartupInfoLogger.logStarted o.r.s.s.w.RemoteStorageErrorMappingIntegrationTest - Started RemoteStorageErrorMappingIntegrationTest in 1.52 seconds (process running for 18.509)
22:35:36.076 15236 [main] INFO  RaplaAuthentificationService.authenticate rapla.login - User 'homer' is requesting login.
22:35:36.078 15238 [main] INFO  RaplaAuthentificationService.authenticate rapla.login - Check password for homer
22:35:36.079 15239 [main] WARN  LocalAbstractCachableOperator.authenticate rapla - Login failed for homer
22:35:36.136 15296 [main] INFO  RaplaAuthentificationService.authenticate rapla.login - User 'homer' is requesting login.
22:35:36.137 15297 [main] INFO  RaplaAuthentificationService.authenticate rapla.login - Check password for homer
22:35:36.138 15298 [main] INFO  RaplaAuthentificationService.authenticate rapla.login - Successfull login for 'homer'
22:35:36.359 15519 [main] INFO  RaplaAuthentificationService.authenticate rapla.login - User 'homer' is requesting login.
22:35:36.360 15520 [main] INFO  RaplaAuthentificationService.authenticate rapla.login - Check password for homer
22:35:36.361 15521 [main] INFO  RaplaAuthentificationService.authenticate rapla.login - Successfull login for 'homer'
22:35:36.491 15651 [main] INFO  StartupInfoLogger.logStarting o.r.s.s.w.AuthControllerIntegrationTest - Starting AuthControllerIntegrationTest using Java 21.0.11 with PID 264737 (started by chris in /home/chris/git/rapla/rapla-app)
22:35:36.492 15652 [main] INFO  SpringApplication.logStartupProfileInfo o.r.s.s.w.AuthControllerIntegrationTest - No active profile set, falling back to 1 default profile: "default"
22:35:37.010 16170 [main] INFO  RaplaBootstrapLogger.logViaSlf4j rapla - Logging via SLF4J API.
22:35:37.030 16190 [main] INFO  ServerServiceImpl.<init> rapla - Rapla.Version=2.1-SNAPSHOT
22:35:37.031 16191 [main] INFO  ServerServiceImpl.<init> rapla - Rapla.Build=2026-05-09 19:34 GMT+0
22:35:37.032 16192 [main] INFO  ServerServiceImpl.<init> rapla - Java.Version=21.0.11
22:35:37.033 16193 [main] INFO  FileOperator.connect rapla - Connecting: file:/tmp/junit-13776070057371107692/rapla-data.xml
22:35:37.135 16295 [main] INFO  ConflictFinder.<init> rapla - Conflict initialization found 0 conflicts and took 0ms. 
22:35:37.224 16384 [main] INFO  NotificationService.start rapla.notification - NotificationServer Plugin started
22:35:37.226 16386 [main] INFO  NotificationService.start rapla.notification - scheduling command for NotificationSercice
22:35:37.260 16420 [main] INFO  Export2iCalConverter.<init> rapla - ExportAttendeesMailAttribute is not set. So do not export as meeting
22:35:37.570 16730 [main] INFO  MockServletContext.log o.s.b.t.m.w.SpringBootMockServletContext - Initializing Spring TestDispatcherServlet ''
22:35:37.572 16732 [main] INFO  FrameworkServlet.initServletBean o.s.t.w.s.TestDispatcherServlet - Initializing Servlet ''
22:35:37.576 16736 [main] INFO  FrameworkServlet.initServletBean o.s.t.w.s.TestDispatcherServlet - Completed initialization in 2 ms
22:35:37.634 16794 [main] INFO  StartupInfoLogger.logStarted o.r.s.s.w.AuthControllerIntegrationTest - Started AuthControllerIntegrationTest in 1.229 seconds (process running for 20.335)
22:35:37.653 16813 [main] INFO  RaplaAuthentificationService.authenticate rapla.login - User 'homer' is requesting login.
22:35:37.654 16814 [main] INFO  RaplaAuthentificationService.authenticate rapla.login - Check password for homer
22:35:37.655 16815 [main] INFO  RaplaAuthentificationService.authenticate rapla.login - Successfull login for 'homer'
22:35:37.789 16949 [main] INFO  RaplaAuthentificationService.authenticate rapla.login - User 'homer' is requesting login.
22:35:37.790 16950 [main] INFO  RaplaAuthentificationService.authenticate rapla.login - Check password for homer
22:35:37.790 16950 [main] INFO  RaplaAuthentificationService.authenticate rapla.login - Successfull login for 'homer'
22:35:37.816 16976 [main] INFO  RaplaAuthentificationService.authenticate rapla.login - User 'homer' is requesting login.
22:35:37.817 16977 [main] INFO  RaplaAuthentificationService.authenticate rapla.login - Check password for homer
22:35:37.818 16978 [main] INFO  RaplaAuthentificationService.authenticate rapla.login - Successfull login for 'homer'
22:35:37.936 17096 [main] INFO  StartupInfoLogger.logStarting o.r.s.s.w.RemoteLoggerControllerTest - Starting RemoteLoggerControllerTest using Java 21.0.11 with PID 264737 (started by chris in /home/chris/git/rapla/rapla-app)
22:35:37.938 17098 [main] INFO  SpringApplication.logStartupProfileInfo o.r.s.s.w.RemoteLoggerControllerTest - No active profile set, falling back to 1 default profile: "default"
22:35:38.495 17655 [main] INFO  RaplaBootstrapLogger.logViaSlf4j rapla - Logging via SLF4J API.
22:35:38.511 17671 [main] INFO  ServerServiceImpl.<init> rapla - Rapla.Version=2.1-SNAPSHOT
22:35:38.512 17672 [main] INFO  ServerServiceImpl.<init> rapla - Rapla.Build=2026-05-09 19:34 GMT+0
22:35:38.513 17673 [main] INFO  ServerServiceImpl.<init> rapla - Java.Version=21.0.11
22:35:38.514 17674 [main] INFO  FileOperator.connect rapla - Connecting: file:/home/chris/git/rapla/rapla-app/data/data.xml
22:35:38.561 17721 [main] INFO  ConflictFinder.<init> rapla - Conflict initialization found 0 conflicts and took 1ms. 
22:35:38.618 17778 [main] INFO  NotificationService.start rapla.notification - NotificationServer Plugin started
22:35:38.619 17779 [main] INFO  NotificationService.start rapla.notification - scheduling command for NotificationSercice
22:35:38.643 17803 [main] INFO  Export2iCalConverter.<init> rapla - ExportAttendeesMailAttribute is not set. So do not export as meeting
22:35:38.870 18030 [main] INFO  MockServletContext.log o.s.b.t.m.w.SpringBootMockServletContext - Initializing Spring TestDispatcherServlet ''
22:35:38.871 18031 [main] INFO  FrameworkServlet.initServletBean o.s.t.w.s.TestDispatcherServlet - Initializing Servlet ''
22:35:38.875 18035 [main] INFO  FrameworkServlet.initServletBean o.s.t.w.s.TestDispatcherServlet - Completed initialization in 2 ms
22:35:38.919 18079 [main] INFO  StartupInfoLogger.logStarted o.r.s.s.w.RemoteLoggerControllerTest - Started RemoteLoggerControllerTest in 1.056 seconds (process running for 21.62)
22:35:38.936 18096 [main] INFO  RemoteLoggerImpl.info rapla.some-client-id - hello from client
22:35:39.034 18194 [main] INFO  StartupInfoLogger.logStarting o.r.s.s.web.UrlPreservationTest - Starting UrlPreservationTest using Java 21.0.11 with PID 264737 (started by chris in /home/chris/git/rapla/rapla-app)
22:35:39.035 18195 [main] INFO  SpringApplication.logStartupProfileInfo o.r.s.s.web.UrlPreservationTest - No active profile set, falling back to 1 default profile: "default"
22:35:39.470 18630 [main] INFO  RaplaBootstrapLogger.logViaSlf4j rapla - Logging via SLF4J API.
22:35:39.485 18645 [main] INFO  ServerServiceImpl.<init> rapla - Rapla.Version=2.1-SNAPSHOT
22:35:39.486 18646 [main] INFO  ServerServiceImpl.<init> rapla - Rapla.Build=2026-05-09 19:34 GMT+0
22:35:39.487 18647 [main] INFO  ServerServiceImpl.<init> rapla - Java.Version=21.0.11
22:35:39.488 18648 [main] INFO  FileOperator.connect rapla - Connecting: file:/tmp/junit-12136992218199548265/rapla-data.xml
22:35:39.566 18726 [main] INFO  ConflictFinder.<init> rapla - Conflict initialization found 0 conflicts and took 1ms. 
22:35:39.626 18786 [main] INFO  NotificationService.start rapla.notification - NotificationServer Plugin started
22:35:39.627 18787 [main] INFO  NotificationService.start rapla.notification - scheduling command for NotificationSercice
22:35:39.655 18815 [main] INFO  Export2iCalConverter.<init> rapla - ExportAttendeesMailAttribute is not set. So do not export as meeting
22:35:39.880 19040 [main] INFO  MockServletContext.log o.s.b.t.m.w.SpringBootMockServletContext - Initializing Spring TestDispatcherServlet ''
22:35:39.881 19041 [main] INFO  FrameworkServlet.initServletBean o.s.t.w.s.TestDispatcherServlet - Initializing Servlet ''
22:35:39.884 19044 [main] INFO  FrameworkServlet.initServletBean o.s.t.w.s.TestDispatcherServlet - Completed initialization in 2 ms
22:35:39.930 19090 [main] INFO  StartupInfoLogger.logStarted o.r.s.s.web.UrlPreservationTest - Started UrlPreservationTest in 0.973 seconds (process running for 22.631)
22:35:39.962 19122 [main] WARN  CalendarPageGenerator.write404 rapla.html.404 - 404 Calendar not found for 3f49044c-1469-4699-8a66-5f46ec6c0a41
22:35:39.995 19155 [main] WARN  Export2iCalServlet.generatePage rapla.ical.404 - The calendar 'x' you tried to retrieve is not published or available for the user homer.
22:35:40.005 19165 [main] WARN  CalendarPageGenerator.write404 rapla.html.404 - 404 Calendar not found for 3f49044c-1469-4699-8a66-5f46ec6c0a41
22:35:40.017 19177 [main] WARN  Export2iCalServlet.generatePage rapla.ical.404 - The calendar 'x' you tried to retrieve is not published or available for the user homer.
22:35:41.322 20482 [main] INFO  RaplaBootstrapLogger.logViaSlf4j rapla - Logging via SLF4J API.
22:35:41.678 20838 [main] INFO  RaplaBootstrapLogger.logViaSlf4j rapla - Logging via SLF4J API.
22:35:41.991 21151 [main] INFO  StartupInfoLogger.logStarting o.r.c.s.SwingClientStartIntegrationTest - Starting SwingClientStartIntegrationTest using Java 21.0.11 with PID 264737 (started by chris in /home/chris/git/rapla/rapla-app)
22:35:41.991 21151 [main] INFO  SpringApplication.logStartupProfileInfo o.r.c.s.SwingClientStartIntegrationTest - No active profile set, falling back to 1 default profile: "default"
22:35:42.478 21638 [main] INFO  TomcatWebServer.initialize o.s.boot.tomcat.TomcatWebServer - Tomcat initialized with port 0 (http)
22:35:42.517 21677 [main] INFO  DirectJDKLog.log o.a.coyote.http11.Http11NioProtocol - Initializing ProtocolHandler ["http-nio-auto-1"]
22:35:42.520 21680 [main] INFO  DirectJDKLog.log o.a.catalina.core.StandardService - Starting service [Tomcat]
22:35:42.521 21681 [main] INFO  DirectJDKLog.log o.a.catalina.core.StandardEngine - Starting Servlet engine: [Apache Tomcat/11.0.21]
22:35:42.596 21756 [main] INFO  WebApplicationContextInitializer.prepareWebApplicationContext o.s.b.w.c.s.WebApplicationContextInitializer - Root WebApplicationContext: initialization completed in 602 ms
22:35:42.605 21765 [main] INFO  RaplaBootstrapLogger.logViaSlf4j rapla - Logging via SLF4J API.
22:35:42.799 21959 [main] INFO  ServerServiceImpl.<init> rapla - Rapla.Version=2.1-SNAPSHOT
22:35:42.800 21960 [main] INFO  ServerServiceImpl.<init> rapla - Rapla.Build=2026-05-09 19:34 GMT+0
22:35:42.800 21960 [main] INFO  ServerServiceImpl.<init> rapla - Java.Version=21.0.11
22:35:42.801 21961 [main] INFO  FileOperator.connect rapla - Connecting: file:/tmp/junit-8593195513288070382/rapla-data.xml
22:35:42.860 22020 [main] INFO  ConflictFinder.<init> rapla - Conflict initialization found 0 conflicts and took 0ms. 
22:35:42.911 22071 [main] INFO  NotificationService.start rapla.notification - NotificationServer Plugin started
22:35:42.913 22073 [main] INFO  NotificationService.start rapla.notification - scheduling command for NotificationSercice
22:35:42.936 22096 [main] INFO  Export2iCalConverter.<init> rapla - ExportAttendeesMailAttribute is not set. So do not export as meeting
22:35:43.161 22321 [main] INFO  DirectJDKLog.log o.a.coyote.http11.Http11NioProtocol - Starting ProtocolHandler ["http-nio-auto-1"]
22:35:43.196 22356 [main] INFO  TomcatWebServer.start o.s.boot.tomcat.TomcatWebServer - Tomcat started on port 44353 (http) with context path '/rapla'
22:35:43.200 22360 [main] INFO  StartupInfoLogger.logStarted o.r.c.s.SwingClientStartIntegrationTest - Started SwingClientStartIntegrationTest in 1.266 seconds (process running for 25.901)
22:35:43.446 22606 [main] INFO  RaplaBootstrapLogger.logViaSlf4j rapla - Logging via SLF4J API.
22:35:43.605 22765 [main] INFO  RaplaClientServiceImpl.<init> rapla - Rapla.Version=2.1-SNAPSHOT
22:35:43.606 22766 [main] INFO  RaplaClientServiceImpl.<init> rapla - Rapla.Build=2026-05-09 19:34 GMT+0
22:35:43.607 22767 [main] INFO  RaplaClientServiceImpl.<init> rapla - Java.Version=21.0.11
22:35:43.714 22874 [main] INFO  RaplaClientServiceImpl.initialize rapla - Starting gui 
22:35:43.716 22876 [main] INFO  RemoteOperator.connect rapla.remote - Connecting to server and starting login..
22:35:43.913 23073 [http-nio-auto-1-exec-1] INFO  DirectJDKLog.log o.a.c.c.C.[.[localhost].[/rapla] - Initializing Spring DispatcherServlet 'dispatcherServlet'
22:35:43.914 23074 [http-nio-auto-1-exec-1] INFO  FrameworkServlet.initServletBean o.s.web.servlet.DispatcherServlet - Initializing Servlet 'dispatcherServlet'
22:35:43.916 23076 [http-nio-auto-1-exec-1] INFO  FrameworkServlet.initServletBean o.s.web.servlet.DispatcherServlet - Completed initialization in 2 ms
22:35:43.932 23092 [http-nio-auto-1-exec-1] INFO  RaplaAuthentificationService.authenticate rapla.login - User 'homer' is requesting login.
22:35:43.933 23093 [http-nio-auto-1-exec-1] INFO  RaplaAuthentificationService.authenticate rapla.login - Check password for homer
22:35:43.934 23094 [http-nio-auto-1-exec-1] INFO  RaplaAuthentificationService.authenticate rapla.login - Successfull login for 'homer'
22:35:43.955 23115 [main] INFO  RemoteOperator.connect rapla.remote - login successfull
22:35:43.956 23116 [main] DEBUG RemoteOperator.loadData rapla.remote - Loading Data from server
22:35:44.077 23237 [main] DEBUG RemoteOperator.loadData rapla.remote - Data loaded
22:35:44.082 23242 [main] DEBUG RemoteOperator.loadData rapla.remote - Data flushed
22:35:44.085 23245 [main] INFO  ClientFacadeImpl.login rapla - Login homer
22:35:44.111 23271 [main] INFO  RaplaBootstrapLogger.logViaSlf4j rapla - Logging via SLF4J API.
22:35:44.286 23446 [main] INFO  StartupInfoLogger.logStarting o.r.c.s.HeadlessClientNameResolutionIntegrationTest - Starting HeadlessClientNameResolutionIntegrationTest using Java 21.0.11 with PID 264737 (started by chris in /home/chris/git/rapla/rapla-app)
22:35:44.287 23447 [main] INFO  SpringApplication.logStartupProfileInfo o.r.c.s.HeadlessClientNameResolutionIntegrationTest - No active profile set, falling back to 1 default profile: "default"
22:35:44.549 23709 [main] INFO  TomcatWebServer.initialize o.s.boot.tomcat.TomcatWebServer - Tomcat initialized with port 0 (http)
22:35:44.553 23713 [main] INFO  DirectJDKLog.log o.a.coyote.http11.Http11NioProtocol - Initializing ProtocolHandler ["http-nio-auto-2"]
22:35:44.554 23714 [main] INFO  DirectJDKLog.log o.a.catalina.core.StandardService - Starting service [Tomcat]
22:35:44.555 23715 [main] INFO  DirectJDKLog.log o.a.catalina.core.StandardEngine - Starting Servlet engine: [Apache Tomcat/11.0.21]
22:35:44.572 23732 [main] INFO  WebApplicationContextInitializer.prepareWebApplicationContext o.s.b.w.c.s.WebApplicationContextInitializer - Root WebApplicationContext: initialization completed in 283 ms
22:35:44.578 23738 [main] INFO  RaplaBootstrapLogger.logViaSlf4j rapla - Logging via SLF4J API.
22:35:44.733 23893 [main] INFO  ServerServiceImpl.<init> rapla - Rapla.Version=2.1-SNAPSHOT
22:35:44.734 23894 [main] INFO  ServerServiceImpl.<init> rapla - Rapla.Build=2026-05-09 19:34 GMT+0
22:35:44.735 23895 [main] INFO  ServerServiceImpl.<init> rapla - Java.Version=21.0.11
22:35:44.736 23896 [main] INFO  FileOperator.connect rapla - Connecting: file:/tmp/junit-14457770828473015980/rapla-data.xml
22:35:44.790 23950 [main] INFO  ConflictFinder.<init> rapla - Conflict initialization found 0 conflicts and took 1ms. 
22:35:44.838 23998 [main] INFO  NotificationService.start rapla.notification - NotificationServer Plugin started
22:35:44.840 24000 [main] INFO  NotificationService.start rapla.notification - scheduling command for NotificationSercice
22:35:44.878 24038 [main] INFO  Export2iCalConverter.<init> rapla - ExportAttendeesMailAttribute is not set. So do not export as meeting
22:35:45.080 24240 [main] INFO  DirectJDKLog.log o.a.coyote.http11.Http11NioProtocol - Starting ProtocolHandler ["http-nio-auto-2"]
22:35:45.095 24255 [main] INFO  TomcatWebServer.start o.s.boot.tomcat.TomcatWebServer - Tomcat started on port 36487 (http) with context path '/rapla'
22:35:45.101 24261 [main] INFO  StartupInfoLogger.logStarted o.r.c.s.HeadlessClientNameResolutionIntegrationTest - Started HeadlessClientNameResolutionIntegrationTest in 0.863 seconds (process running for 27.802)
22:35:45.297 24457 [main] INFO  RaplaBootstrapLogger.logViaSlf4j rapla - Logging via SLF4J API.
22:35:45.365 24525 [main] INFO  RaplaClientServiceImpl.<init> rapla - Rapla.Version=2.1-SNAPSHOT
22:35:45.366 24526 [main] INFO  RaplaClientServiceImpl.<init> rapla - Rapla.Build=2026-05-09 19:34 GMT+0
22:35:45.366 24526 [main] INFO  RaplaClientServiceImpl.<init> rapla - Java.Version=21.0.11
22:35:45.367 24527 [main] INFO  RaplaClientServiceImpl.initialize rapla - Starting gui 
22:35:45.368 24528 [main] INFO  RemoteOperator.connect rapla.remote - Connecting to server and starting login..
22:35:45.374 24534 [http-nio-auto-2-exec-1] INFO  DirectJDKLog.log o.a.c.c.C.[.[localhost].[/rapla] - Initializing Spring DispatcherServlet 'dispatcherServlet'
22:35:45.374 24534 [http-nio-auto-2-exec-1] INFO  FrameworkServlet.initServletBean o.s.web.servlet.DispatcherServlet - Initializing Servlet 'dispatcherServlet'
22:35:45.377 24537 [http-nio-auto-2-exec-1] INFO  FrameworkServlet.initServletBean o.s.web.servlet.DispatcherServlet - Completed initialization in 2 ms
22:35:45.381 24541 [http-nio-auto-2-exec-1] INFO  RaplaAuthentificationService.authenticate rapla.login - User 'homer' is requesting login.
22:35:45.382 24542 [http-nio-auto-2-exec-1] INFO  RaplaAuthentificationService.authenticate rapla.login - Check password for homer
22:35:45.384 24544 [http-nio-auto-2-exec-1] INFO  RaplaAuthentificationService.authenticate rapla.login - Successfull login for 'homer'
22:35:45.391 24551 [main] INFO  RemoteOperator.connect rapla.remote - login successfull
22:35:45.392 24552 [main] DEBUG RemoteOperator.loadData rapla.remote - Loading Data from server
22:35:45.480 24640 [main] DEBUG RemoteOperator.loadData rapla.remote - Data loaded
22:35:45.482 24642 [main] DEBUG RemoteOperator.loadData rapla.remote - Data flushed
22:35:45.483 24643 [main] INFO  ClientFacadeImpl.login rapla - Login homer
22:35:45.545 24705 [raplascheduler-54] DEBUG RemoteOperator.lambda$queryAppointments$14 rapla.remote - event server call took  39 ms
22:35:45.545 24705 [raplascheduler-54] DEBUG RemoteOperator.lambda$queryAppointments$14 rapla.remote - event post processing took  0 ms
22:35:45.838 24998 [SpringApplicationShutdownHook] INFO  GracefulShutdown.shutDownGracefully o.s.boot.tomcat.GracefulShutdown - Commencing graceful shutdown. Waiting for active requests to complete
22:35:45.843 25003 [tomcat-shutdown] INFO  GracefulShutdown.doShutdown o.s.boot.tomcat.GracefulShutdown - Graceful shutdown complete
22:35:45.934 25094 [SpringApplicationShutdownHook] INFO  GracefulShutdown.shutDownGracefully o.s.boot.tomcat.GracefulShutdown - Commencing graceful shutdown. Waiting for active requests to complete
22:35:45.945 25105 [tomcat-shutdown] INFO  GracefulShutdown.doShutdown o.s.boot.tomcat.GracefulShutdown - Graceful shutdown complete
